SealID;Segment;d13C;d15N;Nubbin;WhiskerRow;WhiskerColumn;LengthRecovery;DistanceFromTip;DateGrowthStart(forLauraTheseValuesWereListedUnderTime);DeploymentDate;RecoveryDate;Lat;Lon;Weighter;Comments;
3190;1;-17.12;15.44;yes;3;2;8.2;7.1;48.875;6/1/2014;1/23/2015;3.985.496.682;-1.279.884.965;Nadja;Deployment length was not recorded and the deployment whisker is not available. So the deployment length (Linf) for all recovery whiskers located in RC2 was calculated as the average of eight RC2 deployment whiskers that were measured (9.4 cm);
3190;2;-17.15;15.46;yes;3;2;8.2;6.745;62.715;6/1/2014;1/23/2015;4.174.951.344;-1.318.883.401;Nadja;Deployment length was not recorded and the deployment whisker is not available. So the deployment length (Linf) for all recovery whiskers located in RC2 was calculated as the average of eight RC2 deployment whiskers that were measured (9.4 cm);
3190;3;-17.25;15.51;yes;3;2;8.2;6.39;75.79;6/1/2014;1/23/2015;4.261.939.834;-1.350.366.093;Nadja;Deployment length was not recorded and the deployment whisker is not available. So the deployment length (Linf) for all recovery whiskers located in RC2 was calculated as the average of eight RC2 deployment whiskers that were measured (9.4 cm);
3190;4;-17.18;15.55;yes;3;2;8.2;6.035;88.182;6/1/2014;1/23/2015;4.405.877.122;-1.385.674.941;Nadja;Deployment length was not recorded and the deployment whisker is not available. So the deployment length (Linf) for all recovery whiskers located in RC2 was calculated as the average of eight RC2 deployment whiskers that were measured (9.4 cm);
3190;5;-17.39;14.93;yes;3;2;8.2;5.5;105.711;6/1/2014;1/23/2015;4.595.505.664;-1.423.216.068;Nadja;Deployment length was not recorded and the deployment whisker is not available. So the deployment length (Linf) for all recovery whiskers located in RC2 was calculated as the average of eight RC2 deployment whiskers that were measured (9.4 cm);
3190;6;-17.55;14.48;yes;3;2;8.2;5.325;111.175;6/1/2014;1/23/2015;4.725.565.093;-1.426.208.739;Nadja;Deployment length was not recorded and the deployment whisker is not available. So the deployment length (Linf) for all recovery whiskers located in RC2 was calculated as the average of eight RC2 deployment whiskers that were measured (9.4 cm);
3190;7;-17.75;14.07;yes;3;2;8.2;4.5;135.359;6/1/2014;1/23/2015;4.598.983.565;-1.418.947.744;Nadja;Deployment length was not recorded and the deployment whisker is not available. So the deployment length (Linf) for all recovery whiskers located in RC2 was calculated as the average of eight RC2 deployment whiskers that were measured (9.4 cm);
3190;8;-17.94;13.7;yes;3;2;8.2;4.3;140.867;6/1/2014;1/23/2015;4.569.054.913;-1.418.788.734;Nadja;Deployment length was not recorded and the deployment whisker is not available. So the deployment length (Linf) for all recovery whiskers located in RC2 was calculated as the average of eight RC2 deployment whiskers that were measured (9.4 cm);
3190;9;-18.15;13.35;yes;3;2;8.2;4;148.898;6/1/2014;1/23/2015;4.615.836.179;-1.418.706.629;Nadja;Deployment length was not recorded and the deployment whisker is not available. So the deployment length (Linf) for all recovery whiskers located in RC2 was calculated as the average of eight RC2 deployment whiskers that were measured (9.4 cm);
3190;10;-18.16;13.1;yes;3;2;8.2;3.905;151.385;6/1/2014;1/23/2015;4.634.250.945;-1.416.043.487;Nadja;Deployment length was not recorded and the deployment whisker is not available. So the deployment length (Linf) for all recovery whiskers located in RC2 was calculated as the average of eight RC2 deployment whiskers that were measured (9.4 cm);
3190;11;-18.16;12.84;yes;3;2;8.2;3.55;160.454;6/1/2014;1/23/2015;469.119.642;-1.424.398.899;Nadja;Deployment length was not recorded and the deployment whisker is not available. So the deployment length (Linf) for all recovery whiskers located in RC2 was calculated as the average of eight RC2 deployment whiskers that were measured (9.4 cm);
3190;12;-18.19;12.79;yes;3;2;8.2;3.4;164.185;6/1/2014;1/23/2015;4.702.730.287;-1.430.357.759;Nadja;Deployment length was not recorded and the deployment whisker is not available. So the deployment length (Linf) for all recovery whiskers located in RC2 was calculated as the average of eight RC2 deployment whiskers that were measured (9.4 cm);
3190;13;-18.04;13.13;yes;3;2;8.2;3.1;171.474;6/1/2014;1/23/2015;4.697.828.788;-1.433.203.693;Nadja;Deployment length was not recorded and the deployment whisker is not available. So the deployment length (Linf) for all recovery whiskers located in RC2 was calculated as the average of eight RC2 deployment whiskers that were measured (9.4 cm);
3190;14;-17.92;13.41;yes;3;2;8.2;3;173.854;6/1/2014;1/23/2015;4.729.444.534;-1.425.355.868;Nadja;Deployment length was not recorded and the deployment whisker is not available. So the deployment length (Linf) for all recovery whiskers located in RC2 was calculated as the average of eight RC2 deployment whiskers that were measured (9.4 cm);
3190;15;-17.74;13.67;yes;3;2;8.2;2.7;180.856;6/1/2014;1/23/2015;4.824.150.267;-1.440.801.795;Nadja;Deployment length was not recorded and the deployment whisker is not available. So the deployment length (Linf) for all recovery whiskers located in RC2 was calculated as the average of eight RC2 deployment whiskers that were measured (9.4 cm);
3190;16;-17.5;14.41;yes;3;2;8.2;1.8;200.698;6/1/2014;1/23/2015;4.754.699.854;-1.459.166.586;Nadja;Deployment length was not recorded and the deployment whisker is not available. So the deployment length (Linf) for all recovery whiskers located in RC2 was calculated as the average of eight RC2 deployment whiskers that were measured (9.4 cm);
3190;17;-17.4;14.93;yes;3;2;8.2;1.42;208.601;6/1/2014;1/23/2015;4.421.722.627;-142.090.041;Nadja;Deployment length was not recorded and the deployment whisker is not available. So the deployment length (Linf) for all recovery whiskers located in RC2 was calculated as the average of eight RC2 deployment whiskers that were measured (9.4 cm);
3190;18;-17.62;15.02;yes;3;2;8.2;1.065;215.754;6/1/2014;1/23/2015;4.478.689.761;-1.435.075.953;Nadja;Deployment length was not recorded and the deployment whisker is not available. So the deployment length (Linf) for all recovery whiskers located in RC2 was calculated as the average of eight RC2 deployment whiskers that were measured (9.4 cm);
3190;19;-17.91;15.17;yes;3;2;8.2;0.71;222.697;6/1/2014;1/23/2015;4.387.133.845;-1.345.271.295;Nadja;Deployment length was not recorded and the deployment whisker is not available. So the deployment length (Linf) for all recovery whiskers located in RC2 was calculated as the average of eight RC2 deployment whiskers that were measured (9.4 cm);
3373;1;-17.11;13.94;yes;3;2;8.5;7.4;49.68;6/8/2014;2/4/2015;3.683.786.255;-1.229.801.607;Nadja;Deployment length was not recorded and the deployment whisker is not available. So the deployment length (Linf) for all recovery whiskers located in RC2 was calculated as the average of eight RC2 deployment whiskers that were measured (9.4 cm);
3373;2;-17.19;13.61;yes;3;2;8.5;7.03;64.214;6/8/2014;2/4/2015;3.847.769.866;-1.269.625.211;Nadja;Deployment length was not recorded and the deployment whisker is not available. So the deployment length (Linf) for all recovery whiskers located in RC2 was calculated as the average of eight RC2 deployment whiskers that were measured (9.4 cm);
3373;3;-17.17;13.33;yes;3;2;8.5;6.66;77.875;6/8/2014;2/4/2015;4.021.769.121;-1.299.308.563;Nadja;Deployment length was not recorded and the deployment whisker is not available. So the deployment length (Linf) for all recovery whiskers located in RC2 was calculated as the average of eight RC2 deployment whiskers that were measured (9.4 cm);
3373;4;-17.3;13;yes;3;2;8.5;6.1;97.103;6/8/2014;2/4/2015;4.325.537.553;-1.367.548.374;Nadja;Deployment length was not recorded and the deployment whisker is not available. So the deployment length (Linf) for all recovery whiskers located in RC2 was calculated as the average of eight RC2 deployment whiskers that were measured (9.4 cm);
3373;5;-17.28;12.63;yes;3;2;8.5;5.6;112.996;6/8/2014;2/4/2015;4.549.725.523;-1.428.866.708;Nadja;Deployment length was not recorded and the deployment whisker is not available. So the deployment length (Linf) for all recovery whiskers located in RC2 was calculated as the average of eight RC2 deployment whiskers that were measured (9.4 cm);
3373;6;-17.32;12.62;yes;3;2;8.5;5.1;127.849;6/8/2014;2/4/2015;4.634.089.956;-1.496.887.246;Nadja;Deployment length was not recorded and the deployment whisker is not available. So the deployment length (Linf) for all recovery whiskers located in RC2 was calculated as the average of eight RC2 deployment whiskers that were measured (9.4 cm);
3373;7;-17.33;12.63;yes;3;2;8.5;5.05;129.282;6/8/2014;2/4/2015;4.634.089.956;-1.496.887.246;Nadja;Deployment length was not recorded and the deployment whisker is not available. So the deployment length (Linf) for all recovery whiskers located in RC2 was calculated as the average of eight RC2 deployment whiskers that were measured (9.4 cm);
3373;8;-17.25;12.76;yes;3;2;8.5;4.81;136.039;6/8/2014;2/4/2015;4.612.226.482;-1.542.073.129;Nadja;Deployment length was not recorded and the deployment whisker is not available. So the deployment length (Linf) for all recovery whiskers located in RC2 was calculated as the average of eight RC2 deployment whiskers that were measured (9.4 cm);
3373;9;-17.35;12.8;yes;3;2;8.5;4.44;146.077;6/8/2014;2/4/2015;4.594.309.746;-1.608.744.526;Nadja;Deployment length was not recorded and the deployment whisker is not available. So the deployment length (Linf) for all recovery whiskers located in RC2 was calculated as the average of eight RC2 deployment whiskers that were measured (9.4 cm);
3373;10;-17.4;12.93;yes;3;2;8.5;4.07;155.69;6/8/2014;2/4/2015;4.478.359.377;-1.647.856.157;Nadja;Deployment length was not recorded and the deployment whisker is not available. So the deployment length (Linf) for all recovery whiskers located in RC2 was calculated as the average of eight RC2 deployment whiskers that were measured (9.4 cm);
3373;11;-17.54;12.96;yes;3;2;8.5;3.7;164.912;6/8/2014;2/4/2015;4.381.125.558;-1.703.312.104;Nadja;Deployment length was not recorded and the deployment whisker is not available. So the deployment length (Linf) for all recovery whiskers located in RC2 was calculated as the average of eight RC2 deployment whiskers that were measured (9.4 cm);
3373;12;-17.31;13.27;yes;3;2;8.5;3.33;173.775;6/8/2014;2/4/2015;4.242.743.762;-1.734.890.464;Nadja;Deployment length was not recorded and the deployment whisker is not available. So the deployment length (Linf) for all recovery whiskers located in RC2 was calculated as the average of eight RC2 deployment whiskers that were measured (9.4 cm);
3373;13;-17.36;13.31;yes;3;2;8.5;2.96;182.305;6/8/2014;2/4/2015;4.358.459.399;-1.727.226.669;Nadja;Deployment length was not recorded and the deployment whisker is not available. So the deployment length (Linf) for all recovery whiskers located in RC2 was calculated as the average of eight RC2 deployment whiskers that were measured (9.4 cm);
3373;14;-17.28;13.32;yes;3;2;8.5;2.59;190.526;6/8/2014;2/4/2015;4.284.419.432;-1.693.484.405;Nadja;Deployment length was not recorded and the deployment whisker is not available. So the deployment length (Linf) for all recovery whiskers located in RC2 was calculated as the average of eight RC2 deployment whiskers that were measured (9.4 cm);
3373;15;-17.52;13.2;yes;3;2;8.5;2.22;198.461;6/8/2014;2/4/2015;4.238.357.239;-1.685.855.379;Nadja;Deployment length was not recorded and the deployment whisker is not available. So the deployment length (Linf) for all recovery whiskers located in RC2 was calculated as the average of eight RC2 deployment whiskers that were measured (9.4 cm);
3373;16;-17.53;13.29;yes;3;2;8.5;2;203.05;6/8/2014;2/4/2015;4.215.831.084;-1.680.596.789;Nadja;Deployment length was not recorded and the deployment whisker is not available. So the deployment length (Linf) for all recovery whiskers located in RC2 was calculated as the average of eight RC2 deployment whiskers that were measured (9.4 cm);
3373;17;-17.52;13.14;yes;3;2;8.5;1.7;209.163;6/8/2014;2/4/2015;4.225.271.651;-1.685.030.425;Nadja;Deployment length was not recorded and the deployment whisker is not available. So the deployment length (Linf) for all recovery whiskers located in RC2 was calculated as the average of eight RC2 deployment whiskers that were measured (9.4 cm);
3373;18;-17.73;13.42;yes;3;2;8.5;1.11;220.725;6/8/2014;2/4/2015;4.420.598.242;-1.542.686.581;Nadja;Deployment length was not recorded and the deployment whisker is not available. So the deployment length (Linf) for all recovery whiskers located in RC2 was calculated as the average of eight RC2 deployment whiskers that were measured (9.4 cm);
3373;19;-18.09;13.9;yes;3;2;8.5;1;222.817;6/8/2014;2/4/2015;4.353.500.298;-1.511.488.993;Nadja;Deployment length was not recorded and the deployment whisker is not available. So the deployment length (Linf) for all recovery whiskers located in RC2 was calculated as the average of eight RC2 deployment whiskers that were measured (9.4 cm);
T220;1;-17.21;13.29;yes;4;3;9.1;7.9;49.675;6/8/2014;2/4/2015;#N/A;#N/A;Nadja;;
T220;2;-17.23;13.09;yes;4;3;9.1;7.5;65.114;6/8/2014;2/4/2015;#N/A;#N/A;Nadja;;
T220;3;-17.2;12.82;yes;4;3;9.1;7.1;79.469;6/8/2014;2/4/2015;3.694.142.507;-1.234.260.463;Nadja;;
T220;4;-17.25;12.76;yes;4;3;9.1;6.6;96.102;6/8/2014;2/4/2015;385.181.649;-1.285.767.517;Nadja;;
T220;5;-17.28;12.81;yes;4;3;9.1;6.2;108.498;6/8/2014;2/4/2015;4.059.417.264;-1.327.435.062;Nadja;;
T220;6;-17.38;12.98;yes;4;3;9.1;5.8;120.185;6/8/2014;2/4/2015;4.236.924.044;-1.373.289.941;Nadja;;
T220;7;-17.11;13.5;yes;4;3;9.1;5.4;131.24;6/8/2014;2/4/2015;4.332.234.002;-1.426.204.338;Nadja;;
T220;8;-17.12;13.53;yes;4;3;9.1;5;141.728;6/8/2014;2/4/2015;4.446.593.076;-148.081.078;Nadja;;
T220;9;-17.08;13.64;yes;4;3;9.1;4.6;151.704;6/8/2014;2/4/2015;4.553.726.522;-1.538.582.285;Nadja;;
T220;10;-17.05;13.67;yes;4;3;9.1;4.2;161.216;6/8/2014;2/4/2015;4.538.463.075;-159.497.408;Nadja;;
T220;11;-17.12;13.78;yes;4;3;9.1;3.8;170.305;6/8/2014;2/4/2015;4.487.394.511;-1.645.937.393;Nadja;;
T220;12;-17.14;13.82;yes;4;3;9.1;3.4;179.007;6/8/2014;2/4/2015;4.411.899.311;-1.676.041.291;Nadja;;
T220;13;-17.18;13.88;yes;4;3;9.1;3;187.354;6/8/2014;2/4/2015;4.371.587.248;-1.681.006.164;Nadja;;
T220;14;-17.26;13.86;yes;4;3;9.1;2.6;195.374;6/8/2014;2/4/2015;4.409.230.613;-1.688.686.547;Nadja;;
T220;15;-17.3;14.11;yes;4;3;9.1;2.2;203.091;6/8/2014;2/4/2015;4.331.872.774;-1.661.532.385;Nadja;;
T220;16;-17.32;14.19;yes;4;3;9.1;1.8;210.527;6/8/2014;2/4/2015;4.290.866.055;-1.663.751.712;Nadja;;
T220;17;-17.38;14.35;yes;4;3;9.1;1.4;217.702;6/8/2014;2/4/2015;3.911.464.632;-1.579.925.915;Nadja;;
T220;18;-17.37;14.88;yes;4;3;9.1;1;224.634;6/8/2014;2/4/2015;375.317.609;-1.465.038.675;Nadja;;
T220;19;-17.29;15.3;yes;4;3;9.1;0.6;231.338;6/8/2014;2/4/2015;371.255.256;-1.299.442.342;Nadja;;
T220;20;-17.32;16.56;yes;4;3;9.1;0.3;236.226;6/8/2014;2/4/2015;3.711.632.795;-1.223.415.785;Nadja;;
T740;1;-17.3;13.87;yes;4;3;9;7.8;46.753;6/3/2014;1/16/2015;38.262.001;-1.274.616.167;Nadja;Deployment length was not recorded and the deployment whisker is not available. So the deployment length (Linf) for all recovery whiskers located in RC2 was calculated as the average of eight RC2 deployment whiskers that were measured (9.4 cm);
T740;2;-17.3;13.35;yes;4;3;9;7.4;61.331;6/3/2014;1/16/2015;39.599.998;-13.159.679;Nadja;Deployment length was not recorded and the deployment whisker is not available. So the deployment length (Linf) for all recovery whiskers located in RC2 was calculated as the average of eight RC2 deployment whiskers that were measured (9.4 cm);
T740;3;-17.29;13.28;yes;4;3;9;7;74.903;6/3/2014;1/16/2015;4.129.403.994;-1.354.544.441;Nadja;Deployment length was not recorded and the deployment whisker is not available. So the deployment length (Linf) for all recovery whiskers located in RC2 was calculated as the average of eight RC2 deployment whiskers that were measured (9.4 cm);
T740;4;-17.32;13.17;yes;4;3;9;6.6;87.599;6/3/2014;1/16/2015;4.307.389.379;-140.025.354;Nadja;Deployment length was not recorded and the deployment whisker is not available. So the deployment length (Linf) for all recovery whiskers located in RC2 was calculated as the average of eight RC2 deployment whiskers that were measured (9.4 cm);
T740;5;-17.23;13.06;yes;4;3;9;6.2;99.524;6/3/2014;1/16/2015;4.389.900.675;-1.450.248.765;Nadja;Deployment length was not recorded and the deployment whisker is not available. So the deployment length (Linf) for all recovery whiskers located in RC2 was calculated as the average of eight RC2 deployment whiskers that were measured (9.4 cm);
T740;6;-17.33;12.97;yes;4;3;9;5.8;110.768;6/3/2014;1/16/2015;4.477.994.585;-1.503.799.561;Nadja;Deployment length was not recorded and the deployment whisker is not available. So the deployment length (Linf) for all recovery whiskers located in RC2 was calculated as the average of eight RC2 deployment whiskers that were measured (9.4 cm);
T740;7;-17.43;12.92;yes;4;3;9;5.4;121.404;6/3/2014;1/16/2015;4.471.169.963;-1.558.384.832;Nadja;Deployment length was not recorded and the deployment whisker is not available. So the deployment length (Linf) for all recovery whiskers located in RC2 was calculated as the average of eight RC2 deployment whiskers that were measured (9.4 cm);
T740;8;-17.4;12.84;yes;4;3;9;5;131.494;6/3/2014;1/16/2015;444.920.976;-1.620.506.325;Nadja;Deployment length was not recorded and the deployment whisker is not available. So the deployment length (Linf) for all recovery whiskers located in RC2 was calculated as the average of eight RC2 deployment whiskers that were measured (9.4 cm);
T740;9;-17.23;12.93;yes;4;3;9;4.6;141.092;6/3/2014;1/16/2015;4.462.484.718;-167.559.452;Nadja;Deployment length was not recorded and the deployment whisker is not available. So the deployment length (Linf) for all recovery whiskers located in RC2 was calculated as the average of eight RC2 deployment whiskers that were measured (9.4 cm);
T740;10;-17.29;13.16;yes;4;3;9;4.2;150.243;6/3/2014;1/16/2015;4.238.409.545;-1.733.771.755;Nadja;Deployment length was not recorded and the deployment whisker is not available. So the deployment length (Linf) for all recovery whiskers located in RC2 was calculated as the average of eight RC2 deployment whiskers that were measured (9.4 cm);
T740;11;-17.4;12.88;yes;4;3;9;3.8;158.987;6/3/2014;1/16/2015;40.976.002;-1.786.206.298;Nadja;Deployment length was not recorded and the deployment whisker is not available. So the deployment length (Linf) for all recovery whiskers located in RC2 was calculated as the average of eight RC2 deployment whiskers that were measured (9.4 cm);
T740;12;-17.38;12.79;yes;4;3;9;3.4;167.359;6/3/2014;1/16/2015;41.868;-1.776.221.751;Nadja;Deployment length was not recorded and the deployment whisker is not available. So the deployment length (Linf) for all recovery whiskers located in RC2 was calculated as the average of eight RC2 deployment whiskers that were measured (9.4 cm);
T740;13;-17.63;12.7;yes;4;3;9;3;175.389;6/3/2014;1/16/2015;4.437.574.169;-1.755.217.067;Nadja;Deployment length was not recorded and the deployment whisker is not available. So the deployment length (Linf) for all recovery whiskers located in RC2 was calculated as the average of eight RC2 deployment whiskers that were measured (9.4 cm);
T740;14;-17.66;12.87;yes;4;3;9;2.6;183.105;6/3/2014;1/16/2015;4.186.820.019;-1.765.957.208;Nadja;Deployment length was not recorded and the deployment whisker is not available. So the deployment length (Linf) for all recovery whiskers located in RC2 was calculated as the average of eight RC2 deployment whiskers that were measured (9.4 cm);
T740;15;-17.57;13.23;yes;4;3;9;2.2;190.529;6/3/2014;1/16/2015;4.212.741.633;-1.756.413.484;Nadja;Deployment length was not recorded and the deployment whisker is not available. So the deployment length (Linf) for all recovery whiskers located in RC2 was calculated as the average of eight RC2 deployment whiskers that were measured (9.4 cm);
T740;16;-17.67;13.51;yes;4;3;9;1.8;197.683;6/3/2014;1/16/2015;4.425.265.522;-1.698.924.692;Nadja;Deployment length was not recorded and the deployment whisker is not available. So the deployment length (Linf) for all recovery whiskers located in RC2 was calculated as the average of eight RC2 deployment whiskers that were measured (9.4 cm);
T740;17;-17.61;13.71;yes;4;3;9;1.4;204.586;6/3/2014;1/16/2015;4.447.569.722;-1.644.561.401;Nadja;Deployment length was not recorded and the deployment whisker is not available. So the deployment length (Linf) for all recovery whiskers located in RC2 was calculated as the average of eight RC2 deployment whiskers that were measured (9.4 cm);
T740;18;-17.67;13.93;yes;4;3;9;1;211.255;6/3/2014;1/16/2015;4.349.582.545;-1.569.996.595;Nadja;Deployment length was not recorded and the deployment whisker is not available. So the deployment length (Linf) for all recovery whiskers located in RC2 was calculated as the average of eight RC2 deployment whiskers that were measured (9.4 cm);
T740;19;-17.8;14.57;yes;4;3;9;0.6;78.155;6/3/2014;1/16/2015;389.286.423;-1.314.175.504;Nadja;Deployment length was not recorded and the deployment whisker is not available. So the deployment length (Linf) for all recovery whiskers located in RC2 was calculated as the average of eight RC2 deployment whiskers that were measured (9.4 cm);
3960;1;-17.38;14.26;yes;3;2;9;7.9;50.088;6/4/2015;2/2/2016;3.790.608.386;-1.252.475.003;Nadja;;
3960;2;-17.61;13.66;yes;3;2;9;7.5;65.655;6/4/2015;2/2/2016;400.503.737;-1.284.045.931;Nadja;;
3960;3;-17.7;13.4;yes;3;2;9;7.1;80.129;6/4/2015;2/2/2016;4.231.069.496;-1.312.635.606;Nadja;;
3960;4;-17.68;13.32;yes;3;2;9;6.7;93.653;6/4/2015;2/2/2016;4.410.374.274;-1.354.886.968;Nadja;;
3960;5;-17.51;13.56;yes;3;2;9;6.3;106.344;6/4/2015;2/2/2016;4.520.572.634;-13.997.038;Nadja;;
3960;6;-17.32;13.71;yes;3;2;9;5.9;118.299;6/4/2015;2/2/2016;4.524.796.859;-1.444.240.191;Nadja;;
3960;7;-17.33;13.68;yes;3;2;9;5.5;129.598;6/4/2015;2/2/2016;4.574.014.972;-1.491.887.254;Nadja;;
3960;8;-17.32;13.72;yes;3;2;9;5.1;140.311;6/4/2015;2/2/2016;4.501.929.261;-1.544.127.395;Nadja;;
3960;9;-17.32;13.69;yes;3;2;9;4.7;150.494;6/4/2015;2/2/2016;4.449.028.673;-159.958.008;Nadja;;
3960;10;-17.32;13.79;yes;3;2;9;4.3;160.198;6/4/2015;2/2/2016;4.298.379.309;-1.642.836.361;Nadja;;
3960;11;-17.34;13.8;yes;3;2;9;3.9;169.465;6/4/2015;2/2/2016;4.360.982.985;-1.690.821.161;Nadja;;
3960;12;-17.4;13.73;yes;3;2;9;3.5;178.334;6/4/2015;2/2/2016;4.305.292.015;-1.692.974.094;Nadja;;
3960;13;-17.43;13.75;yes;3;2;9;3.1;186.837;6/4/2015;2/2/2016;441.937.891;-1.680.074.576;Nadja;;
3960;14;-17.51;13.81;yes;3;2;9;2.7;195.003;6/4/2015;2/2/2016;4.443.746.364;-1.666.045.495;Nadja;;
3960;15;-17.63;13.83;yes;3;2;9;2.3;202.858;6/4/2015;2/2/2016;4.438.813.617;-1.665.284.042;Nadja;;
3960;16;-17.7;14.18;yes;3;2;9;1.7;214.106;6/4/2015;2/2/2016;4.662.629.827;-1.634.986.895;Nadja;;
3960;17;-17.7;14.39;yes;3;2;9;1.5;217.723;6/4/2015;2/2/2016;4.629.441.582;-1.638.515.191;Nadja;;
3960;18;-17.99;14.82;yes;3;2;9;0.9;228.209;6/4/2015;2/2/2016;4.801.246.174;-1.458.188.914;Nadja;;
6356;1;-17.4;13.57;yes;3;2;8.2;7.2;46.155;5/31/2015;1/29/2016;3.949.235.842;-128.290.255;Nadja;Deployment length was not recorded and the deployment whisker is not available. So the deployment length (Linf) for all recovery whiskers located in RC2 was calculated as the average of eight RC2 deployment whiskers that were measured (9.4 cm);
6356;2;-17.52;13.25;yes;3;2;8.2;6.9;58.455;5/31/2015;1/29/2016;4.156.802.439;-1.312.017.307;Nadja;Deployment length was not recorded and the deployment whisker is not available. So the deployment length (Linf) for all recovery whiskers located in RC2 was calculated as the average of eight RC2 deployment whiskers that were measured (9.4 cm);
6356;3;-17.65;13.12;yes;3;2;8.2;6.6;70.164;5/31/2015;1/29/2016;435.013.028;-1.329.985.237;Nadja;Deployment length was not recorded and the deployment whisker is not available. So the deployment length (Linf) for all recovery whiskers located in RC2 was calculated as the average of eight RC2 deployment whiskers that were measured (9.4 cm);
6356;4;-17.83;13.03;yes;3;2;8.2;6.3;81.337;5/31/2015;1/29/2016;454.523.371;-1.354.901.476;Nadja;Deployment length was not recorded and the deployment whisker is not available. So the deployment length (Linf) for all recovery whiskers located in RC2 was calculated as the average of eight RC2 deployment whiskers that were measured (9.4 cm);
6356;5;-17.95;12.68;yes;3;2;8.2;6;92.02;5/31/2015;1/29/2016;4.720.547.821;-1.382.375.556;Nadja;Deployment length was not recorded and the deployment whisker is not available. So the deployment length (Linf) for all recovery whiskers located in RC2 was calculated as the average of eight RC2 deployment whiskers that were measured (9.4 cm);
6356;6;-18.03;12.67;yes;3;2;8.2;5.7;102.255;5/31/2015;1/29/2016;4.855.370.905;-1.413.470.413;Nadja;Deployment length was not recorded and the deployment whisker is not available. So the deployment length (Linf) for all recovery whiskers located in RC2 was calculated as the average of eight RC2 deployment whiskers that were measured (9.4 cm);
6356;7;-18.05;12.55;yes;3;2;8.2;5.4;112.077;5/31/2015;1/29/2016;4.930.688.405;-1.450.230.991;Nadja;Deployment length was not recorded and the deployment whisker is not available. So the deployment length (Linf) for all recovery whiskers located in RC2 was calculated as the average of eight RC2 deployment whiskers that were measured (9.4 cm);
6356;8;-18;12.81;yes;3;2;8.2;5.1;121.52;5/31/2015;1/29/2016;4.943.098.613;-1.496.344.518;Nadja;Deployment length was not recorded and the deployment whisker is not available. So the deployment length (Linf) for all recovery whiskers located in RC2 was calculated as the average of eight RC2 deployment whiskers that were measured (9.4 cm);
6356;10;-18.12;12.56;yes;3;2;8.2;4.5;139.373;5/31/2015;1/29/2016;5.259.089.382;-1.590.656.667;Nadja;Deployment length was not recorded and the deployment whisker is not available. So the deployment length (Linf) for all recovery whiskers located in RC2 was calculated as the average of eight RC2 deployment whiskers that were measured (9.4 cm);
6356;11;-18.05;12.95;yes;3;2;8.2;4.2;147.833;5/31/2015;1/29/2016;5.233.755.294;-1.646.254.933;Nadja;Deployment length was not recorded and the deployment whisker is not available. So the deployment length (Linf) for all recovery whiskers located in RC2 was calculated as the average of eight RC2 deployment whiskers that were measured (9.4 cm);
6356;12;-18.03;12.99;yes;3;2;8.2;3.9;156.009;5/31/2015;1/29/2016;5.166.050.044;-1.699.013.053;Nadja;Deployment length was not recorded and the deployment whisker is not available. So the deployment length (Linf) for all recovery whiskers located in RC2 was calculated as the average of eight RC2 deployment whiskers that were measured (9.4 cm);
6356;13;-17.98;13.13;yes;3;2;8.2;3.6;163.92;5/31/2015;1/29/2016;5.163.373.192;-1.703.044.189;Nadja;Deployment length was not recorded and the deployment whisker is not available. So the deployment length (Linf) for all recovery whiskers located in RC2 was calculated as the average of eight RC2 deployment whiskers that were measured (9.4 cm);
6356;14;-17.94;13.12;yes;3;2;8.2;3.4;169.055;5/31/2015;1/29/2016;5.142.350.241;-1.724.412.085;Nadja;Deployment length was not recorded and the deployment whisker is not available. So the deployment length (Linf) for all recovery whiskers located in RC2 was calculated as the average of eight RC2 deployment whiskers that were measured (9.4 cm);
6356;15;-17.89;13.08;yes;3;2;8.2;3.3;171.582;5/31/2015;1/29/2016;5.169.444.992;-1.713.872.907;Nadja;Deployment length was not recorded and the deployment whisker is not available. So the deployment length (Linf) for all recovery whiskers located in RC2 was calculated as the average of eight RC2 deployment whiskers that were measured (9.4 cm);
6356;16;-17.9;13.23;yes;3;2;8.2;3.2;174.084;5/31/2015;1/29/2016;5.156.429.747;-1.711.634.228;Nadja;Deployment length was not recorded and the deployment whisker is not available. So the deployment length (Linf) for all recovery whiskers located in RC2 was calculated as the average of eight RC2 deployment whiskers that were measured (9.4 cm);
6356;17;-17.85;13.29;yes;3;2;8.2;3;179.011;5/31/2015;1/29/2016;5.141.158.733;-1.741.822.721;Nadja;Deployment length was not recorded and the deployment whisker is not available. So the deployment length (Linf) for all recovery whiskers located in RC2 was calculated as the average of eight RC2 deployment whiskers that were measured (9.4 cm);
6356;18;-17.79;13.48;yes;3;2;8.2;2.7;186.22;5/31/2015;1/29/2016;5.126.122.488;-1.732.958.117;Nadja;Deployment length was not recorded and the deployment whisker is not available. So the deployment length (Linf) for all recovery whiskers located in RC2 was calculated as the average of eight RC2 deployment whiskers that were measured (9.4 cm);
6356;19;-17.68;14.25;yes;3;2;8.2;1.4;215.21;5/31/2015;1/29/2016;4.630.541.089;-1.628.155.368;Nadja;Deployment length was not recorded and the deployment whisker is not available. So the deployment length (Linf) for all recovery whiskers located in RC2 was calculated as the average of eight RC2 deployment whiskers that were measured (9.4 cm);
6356;20;-18.37;13.64;yes;3;2;8.2;1.1;221.437;5/31/2015;1/29/2016;4.446.156.073;-1.602.373.307;Nadja;Deployment length was not recorded and the deployment whisker is not available. So the deployment length (Linf) for all recovery whiskers located in RC2 was calculated as the average of eight RC2 deployment whiskers that were measured (9.4 cm);
X674;1;-17.4;14.13;yes;4;2;11.5;9.8;84.558;6/1/2015;1/28/2016;3.701.029.074;-1.223.676.403;Nadja;;
X674;2;-17.83;13.18;yes;4;2;11.5;9.3;100.761;6/1/2015;1/28/2016;3.849.663.695;-1.260.067.878;Nadja;;
X674;3;-17.44;13.25;yes;4;2;11.5;8.8;114.906;6/1/2015;1/28/2016;4.054.767.324;-1.295.212.856;Nadja;;
X674;4;-17.47;13.33;yes;4;2;11.5;8.3;127.459;6/1/2015;1/28/2016;4.267.253.214;-1.326.412.546;Nadja;;
X674;5;-17.45;13.34;yes;4;2;11.5;7.8;138.741;6/1/2015;1/28/2016;4.458.513.643;-1.367.939.185;Nadja;;
X674;6;-17.48;13.35;yes;4;2;11.5;7.3;148.987;6/1/2015;1/28/2016;4.592.530.437;-1.411.432.023;Nadja;;
X674;7;-17.48;13.47;yes;4;2;11.5;6.8;158.371;6/1/2015;1/28/2016;4.623.778.742;-1.464.728.881;Nadja;;
X674;8;-17.45;13.83;yes;4;2;11.5;6.3;167.026;6/1/2015;1/28/2016;4.555.814.317;-1.520.039.306;Nadja;;
X674;9;-17.41;13.98;yes;4;2;11.5;5.8;175.059;6/1/2015;1/28/2016;4.480.403.961;-1.571.220.255;Nadja;;
X674;10;-17.27;14.07;yes;4;2;11.5;5.3;182.551;6/1/2015;1/28/2016;4.388.461.507;-1.603.110.599;Nadja;;
X674;11;-17.31;14.08;yes;4;2;11.5;4.8;189.573;6/1/2015;1/28/2016;4.301.685.042;-1.647.299.158;Nadja;;
X674;12;-17.29;13.87;yes;4;2;11.5;4.3;196.178;6/1/2015;1/28/2016;4.357.773.754;-1.682.589.236;Nadja;;
X674;13;-17.25;14.12;yes;4;2;11.5;3.8;202.415;6/1/2015;1/28/2016;4.388.165.478;-1.679.023.793;Nadja;;
X674;14;-17.33;14.22;yes;4;2;11.5;3.3;208.321;6/1/2015;1/28/2016;4.339.483.389;-1.681.007.135;Nadja;;
X674;15;-17.31;14.14;yes;4;2;11.5;2.8;213.93;6/1/2015;1/28/2016;4.346.719.393;-1.678.168.941;Nadja;;
X674;16;-17.39;14.13;yes;4;2;11.5;2.3;219.271;6/1/2015;1/28/2016;4.414.061.239;-1.683.929.218;Nadja;;
X674;17;-17.46;14.12;yes;4;2;11.5;1.8;224.368;6/1/2015;1/28/2016;4.346.828.158;-1.668.302.705;Nadja;;
X674;18;-17.55;14.46;yes;4;2;11.5;1.3;229.242;6/1/2015;1/28/2016;4.151.144.583;-1.635.652.128;Nadja;;
X674;19;-17.55;14.93;yes;4;2;11.5;1;232.067;6/1/2015;1/28/2016;4.103.207.022;-1.579.640.525;Nadja;;
X674;20;-17.89;15.69;yes;4;2;11.5;0.4;237.512;6/1/2015;1/28/2016;3.712.068.839;-1.223.205.483;Nadja;;
X822;1;-17.29;14.82;no;3;2;8.6;7.4;49.68;5/7/2015;1/16/2016;3.745.526.552;-1.226.508.509;Nadja;Deployment length was not recorded and the deployment whisker is not available. So the deployment length (Linf) for all recovery whiskers located in RC2 was calculated as the average of eight RC2 deployment whiskers that were measured (9.4 cm);
X822;2;-17.31;14.74;no;3;2;8.6;7.05;63.452;5/7/2015;1/16/2016;3.829.559.032;-1.267.658.365;Nadja;Deployment length was not recorded and the deployment whisker is not available. So the deployment length (Linf) for all recovery whiskers located in RC2 was calculated as the average of eight RC2 deployment whiskers that were measured (9.4 cm);
X822;3;-17.37;14.76;no;3;2;8.6;6.7;76.437;5/7/2015;1/16/2016;415.386.961;-1.310.725.628;Nadja;Deployment length was not recorded and the deployment whisker is not available. So the deployment length (Linf) for all recovery whiskers located in RC2 was calculated as the average of eight RC2 deployment whiskers that were measured (9.4 cm);
X822;4;-17.42;15.13;no;3;2;8.6;6.35;88.719;5/7/2015;1/16/2016;4.370.378.999;-1.339.040.992;Nadja;Deployment length was not recorded and the deployment whisker is not available. So the deployment length (Linf) for all recovery whiskers located in RC2 was calculated as the average of eight RC2 deployment whiskers that were measured (9.4 cm);
X822;5;-17.36;15.16;no;3;2;8.6;6;100.372;5/7/2015;1/16/2016;4.594.413.497;-1.381.156.157;Nadja;Deployment length was not recorded and the deployment whisker is not available. So the deployment length (Linf) for all recovery whiskers located in RC2 was calculated as the average of eight RC2 deployment whiskers that were measured (9.4 cm);
X822;6;-17.3;15.11;no;3;2;8.6;5.7;109.905;5/7/2015;1/16/2016;4.626.306.547;-1.418.693.908;Nadja;Deployment length was not recorded and the deployment whisker is not available. So the deployment length (Linf) for all recovery whiskers located in RC2 was calculated as the average of eight RC2 deployment whiskers that were measured (9.4 cm);
X822;7;-17.22;14.99;no;3;2;8.6;5.4;119.054;5/7/2015;1/16/2016;4.560.888.533;-1.451.724.228;Nadja;Deployment length was not recorded and the deployment whisker is not available. So the deployment length (Linf) for all recovery whiskers located in RC2 was calculated as the average of eight RC2 deployment whiskers that were measured (9.4 cm);
X822;8;-17.32;15.1;no;3;2;8.6;5.1;127.849;5/7/2015;1/16/2016;4.495.800.377;-1.481.774.788;Nadja;Deployment length was not recorded and the deployment whisker is not available. So the deployment length (Linf) for all recovery whiskers located in RC2 was calculated as the average of eight RC2 deployment whiskers that were measured (9.4 cm);
X822;9;-17.26;15.05;no;3;2;8.6;4.8;136.316;5/7/2015;1/16/2016;4.549.396.415;-1.485.955.794;Nadja;Deployment length was not recorded and the deployment whisker is not available. So the deployment length (Linf) for all recovery whiskers located in RC2 was calculated as the average of eight RC2 deployment whiskers that were measured (9.4 cm);
X822;10;-17.32;15.25;no;3;2;8.6;4.5;144.479;5/7/2015;1/16/2016;4.516.476.488;-1.502.182.473;Nadja;Deployment length was not recorded and the deployment whisker is not available. So the deployment length (Linf) for all recovery whiskers located in RC2 was calculated as the average of eight RC2 deployment whiskers that were measured (9.4 cm);
X822;11;-17.33;15.28;no;3;2;8.6;4.15;153.645;5/7/2015;1/16/2016;44.980.956;-1.477.931.488;Nadja;Deployment length was not recorded and the deployment whisker is not available. So the deployment length (Linf) for all recovery whiskers located in RC2 was calculated as the average of eight RC2 deployment whiskers that were measured (9.4 cm);
X822;12;-17.33;15.26;no;3;2;8.6;3.8;162.456;5/7/2015;1/16/2016;4.521.377.561;-1.463.442.526;Nadja;Deployment length was not recorded and the deployment whisker is not available. So the deployment length (Linf) for all recovery whiskers located in RC2 was calculated as the average of eight RC2 deployment whiskers that were measured (9.4 cm);
X822;13;-17.39;15.23;no;3;2;8.6;3.5;169.746;5/7/2015;1/16/2016;4.548.147.302;-1.465.361.256;Nadja;Deployment length was not recorded and the deployment whisker is not available. So the deployment length (Linf) for all recovery whiskers located in RC2 was calculated as the average of eight RC2 deployment whiskers that were measured (9.4 cm);
X822;14;-17.38;15.25;no;3;2;8.6;3.2;176.809;5/7/2015;1/16/2016;4.516.043.916;-147.306.255;Nadja;Deployment length was not recorded and the deployment whisker is not available. So the deployment length (Linf) for all recovery whiskers located in RC2 was calculated as the average of eight RC2 deployment whiskers that were measured (9.4 cm);
X822;15;-17.45;15.1;no;3;2;8.6;2.9;183.659;5/7/2015;1/16/2016;456.442.548;-1.495.195.576;Nadja;Deployment length was not recorded and the deployment whisker is not available. So the deployment length (Linf) for all recovery whiskers located in RC2 was calculated as the average of eight RC2 deployment whiskers that were measured (9.4 cm);
X822;16;-17.58;14.86;no;3;2;8.6;2.6;190.308;5/7/2015;1/16/2016;4.626.888.646;-1.474.598.713;Nadja;Deployment length was not recorded and the deployment whisker is not available. So the deployment length (Linf) for all recovery whiskers located in RC2 was calculated as the average of eight RC2 deployment whiskers that were measured (9.4 cm);
X822;17;-17.52;14.83;no;3;2;8.6;2.3;196.768;5/7/2015;1/16/2016;4.693.202.934;-1.453.771.474;Nadja;Deployment length was not recorded and the deployment whisker is not available. So the deployment length (Linf) for all recovery whiskers located in RC2 was calculated as the average of eight RC2 deployment whiskers that were measured (9.4 cm);
X822;18;-17.5;15.01;no;3;2;8.6;1.8;207.143;5/7/2015;1/16/2016;4.802.943.879;-1.487.524.185;Nadja;Deployment length was not recorded and the deployment whisker is not available. So the deployment length (Linf) for all recovery whiskers located in RC2 was calculated as the average of eight RC2 deployment whiskers that were measured (9.4 cm);
X822;19;-17.56;15.16;no;3;2;8.6;1.3;217.065;5/7/2015;1/16/2016;4.734.220.511;-145.305.909;Nadja;Deployment length was not recorded and the deployment whisker is not available. So the deployment length (Linf) for all recovery whiskers located in RC2 was calculated as the average of eight RC2 deployment whiskers that were measured (9.4 cm);
X822;20;-17.6;15.89;no;3;2;8.6;0.9;224.702;5/7/2015;1/16/2016;4.805.018.292;-138.917.042;Nadja;Deployment length was not recorded and the deployment whisker is not available. So the deployment length (Linf) for all recovery whiskers located in RC2 was calculated as the average of eight RC2 deployment whiskers that were measured (9.4 cm);
5624;1;-16.98;14.95;yes;3;2;7.6;6.7;736114.9;5/27/2015;1/25/2016;NA;NA;Laura;;
5624;2;-17.3;14.03;yes;3;2;7.6;6.2;736130.3;5/27/2015;1/25/2016;408.216.967;-1.258.675.397;Laura;Deployment length was not recorded and the deployment whisker is not available. So the deployment length (Linf) for all recovery whiskers located in RC2 was calculated as the average of eight RC2 deployment whiskers that were measured (9.4 cm);
5624;3;-17.44;13.76;yes;3;2;7.6;5.7;736136.7;5/27/2015;1/25/2016;43.914.001;-1.280.947.163;Laura;Deployment length was not recorded and the deployment whisker is not available. So the deployment length (Linf) for all recovery whiskers located in RC2 was calculated as the average of eight RC2 deployment whiskers that were measured (9.4 cm);
5624;4;-17.44;13.38;yes;3;2;7.6;5.3;736142.2;5/27/2015;1/25/2016;46.672.001;-1.309.397.959;Laura;Deployment length was not recorded and the deployment whisker is not available. So the deployment length (Linf) for all recovery whiskers located in RC2 was calculated as the average of eight RC2 deployment whiskers that were measured (9.4 cm);
5624;5;-17.62;13.5;yes;3;2;7.6;5;736146.6;5/27/2015;1/25/2016;47.877.998;-1.338.356.983;Laura;Deployment length was not recorded and the deployment whisker is not available. So the deployment length (Linf) for all recovery whiskers located in RC2 was calculated as the average of eight RC2 deployment whiskers that were measured (9.4 cm);
5624;6;-17.54;13.42;yes;3;2;7.6;4.5;736154.6;5/27/2015;1/25/2016;500.311.576;-1.402.721.019;Laura;Deployment length was not recorded and the deployment whisker is not available. So the deployment length (Linf) for all recovery whiskers located in RC2 was calculated as the average of eight RC2 deployment whiskers that were measured (9.4 cm);
5624;7;-17.69;13.58;yes;3;2;7.6;4;736163.5;5/27/2015;1/25/2016;4.956.727.337;-1.481.560.443;Laura;Deployment length was not recorded and the deployment whisker is not available. So the deployment length (Linf) for all recovery whiskers located in RC2 was calculated as the average of eight RC2 deployment whiskers that were measured (9.4 cm);
5624;8;-17.82;13.53;yes;3;2;7.6;3.5;736173.6;5/27/2015;1/25/2016;49.301.998;-1.564.348.182;Laura;Deployment length was not recorded and the deployment whisker is not available. So the deployment length (Linf) for all recovery whiskers located in RC2 was calculated as the average of eight RC2 deployment whiskers that were measured (9.4 cm);
5624;9;-17.67;13.56;yes;3;2;7.6;3;736185.3;5/27/2015;1/25/2016;46.688.999;-1.598.388.008;Laura;Deployment length was not recorded and the deployment whisker is not available. So the deployment length (Linf) for all recovery whiskers located in RC2 was calculated as the average of eight RC2 deployment whiskers that were measured (9.4 cm);
5624;10;-17.58;13.87;yes;3;2;7.6;2.5;736199.1;5/27/2015;1/25/2016;45.972;-1.597.403.008;Laura;Deployment length was not recorded and the deployment whisker is not available. So the deployment length (Linf) for all recovery whiskers located in RC2 was calculated as the average of eight RC2 deployment whiskers that were measured (9.4 cm);
5624;11;-17.99;14.4;yes;3;2;7.6;1.7;736228.3;5/27/2015;1/25/2016;46.527;-1.592.166.228;Laura;Deployment length was not recorded and the deployment whisker is not available. So the deployment length (Linf) for all recovery whiskers located in RC2 was calculated as the average of eight RC2 deployment whiskers that were measured (9.4 cm);
5624;12;-18.04;14.13;yes;3;2;7.6;1.1;736261.3;5/27/2015;1/25/2016;46.187;-1.585.187.963;Laura;Deployment length was not recorded and the deployment whisker is not available. So the deployment length (Linf) for all recovery whiskers located in RC2 was calculated as the average of eight RC2 deployment whiskers that were measured (9.4 cm);
6118;1;-17.03;15.02;yes;3;2;9;8;736499;6/10/2016;1/30/2017;3.852.028.936;-1.289.761.683;Laura;;
6118;2;-17.14;14.91;yes;3;2;9;7.5;736512.8;6/10/2016;1/30/2017;435.468.351;-1.403.512.258;Laura;;
6118;3;-17.06;14.85;yes;3;2;9;7.1;736516.9;6/10/2016;1/30/2017;4.422.366.818;-1.436.829.212;Laura;;
6118;4;-17.14;14.85;yes;3;2;9;6.7;736521.3;6/10/2016;1/30/2017;4.444.524.941;-1.474.990.492;Laura;;
6118;5;-17.17;14.62;yes;3;2;9;6.3;736526;6/10/2016;1/30/2017;4.446.838.838;-1.504.751.737;Laura;;
6118;6;-17.08;14.58;yes;3;2;9;5.8;736532.3;6/10/2016;1/30/2017;4.386.575.674;-154.905.866;Laura;;
6118;7;-17.06;14.94;yes;3;2;9;5.3;736539.1;6/10/2016;1/30/2017;4.249.653.689;-1.582.620.802;Laura;;
6118;8;-16.98;14.35;yes;3;2;9;4.9;736545;6/10/2016;1/30/2017;4.145.111.015;-1.601.536.671;Laura;;
6118;9;-16.97;14.36;yes;3;2;9;4.4;736553.2;6/10/2016;1/30/2017;4.185.697.274;-162.893.058;Laura;;
6118;10;-17;14.19;yes;3;2;9;3.9;736562.3;6/10/2016;1/30/2017;4.281.347.564;-1.636.274.214;Laura;;
6118;11;-16.99;14.27;yes;3;2;9;3.5;736570.5;6/10/2016;1/30/2017;4.315.268.986;-1.657.872.047;Laura;;
6118;12;-17.06;14.5;yes;3;2;9;3;736582.2;6/10/2016;1/30/2017;431.240.513;-1.626.031.873;Laura;;
6118;13;-17.1;14.42;yes;3;2;9;2.4;736599.1;6/10/2016;1/30/2017;4.257.522.565;-1.573.698.461;Laura;;
6118;14;-17.26;14.53;yes;3;2;9;1.8;736620.9;6/10/2016;1/30/2017;4.196.131.865;-1.533.522.536;Laura;;
6118;15;-17.63;15.12;yes;3;2;9;1.5;736634.7;6/10/2016;1/30/2017;4.219.257.021;-1.521.428.487;Laura;;
4179;1;-17.09;15.77;yes;3;2;7.9;6.8;736119;6/3/2015;2/1/2016;#N/A;#N/A;Laura;;
4179;2;-17.13;15.69;yes;3;2;7.9;6.3;736136.1;6/3/2015;2/1/2016;4.102.100.736;-1.292.504.561;Laura;Deployment length was not recorded and the deployment whisker is not available. So the deployment length (Linf) for all recovery whiskers located in RC2 was calculated as the average of eight RC2 deployment whiskers that were measured (9.4 cm);
4179;3;-17.15;15.6;yes;3;2;7.9;5.9;736141.1;6/3/2015;2/1/2016;4.364.368.334;-1.318.588.735;Laura;Deployment length was not recorded and the deployment whisker is not available. So the deployment length (Linf) for all recovery whiskers located in RC2 was calculated as the average of eight RC2 deployment whiskers that were measured (9.4 cm);
4179;4;-17.24;15.52;yes;3;2;7.9;5.5;736146.4;6/3/2015;2/1/2016;453.815.293;-1.337.825.464;Laura;Deployment length was not recorded and the deployment whisker is not available. So the deployment length (Linf) for all recovery whiskers located in RC2 was calculated as the average of eight RC2 deployment whiskers that were measured (9.4 cm);
4179;5;-17.42;15.61;yes;3;2;7.9;5.1;736152.1;6/3/2015;2/1/2016;4.706.179.674;-1.396.979.744;Laura;Deployment length was not recorded and the deployment whisker is not available. So the deployment length (Linf) for all recovery whiskers located in RC2 was calculated as the average of eight RC2 deployment whiskers that were measured (9.4 cm);
4179;6;NA;NA;yes;3;2;7.9;4.6;NA;6/3/2015;NA;NA;NA;Laura;MISSING ROW, NO ISOTOPE VALUES AVAILABLE, BUT INCLUDED IN THE SPREADSHEET SUBMITTED FOR SIA;
4179;7;-17.37;15.19;yes;3;2;7.9;4.1;736168.6;6/3/2015;2/1/2016;4.678.050.725;-1.450.053.947;Laura;Deployment length was not recorded and the deployment whisker is not available. So the deployment length (Linf) for all recovery whiskers located in RC2 was calculated as the average of eight RC2 deployment whiskers that were measured (9.4 cm);
4179;8;-17.4;15.18;yes;3;2;7.9;3.6;736178.5;6/3/2015;2/1/2016;46.132.364;-144.857.516;Laura;Deployment length was not recorded and the deployment whisker is not available. So the deployment length (Linf) for all recovery whiskers located in RC2 was calculated as the average of eight RC2 deployment whiskers that were measured (9.4 cm);
4179;9;-17.35;15.38;yes;3;2;7.9;3.1;736189.8;6/3/2015;2/1/2016;4.738.246.766;-1.442.309.496;Laura;Deployment length was not recorded and the deployment whisker is not available. So the deployment length (Linf) for all recovery whiskers located in RC2 was calculated as the average of eight RC2 deployment whiskers that were measured (9.4 cm);
4179;10;-17.44;15.31;yes;3;2;7.9;2.6;736203.1;6/3/2015;2/1/2016;4.742.592.947;-1.442.291.725;Laura;Deployment length was not recorded and the deployment whisker is not available. So the deployment length (Linf) for all recovery whiskers located in RC2 was calculated as the average of eight RC2 deployment whiskers that were measured (9.4 cm);
4179;11;-17.49;15.64;yes;3;2;7.9;2.2;736215.8;6/3/2015;2/1/2016;4.812.268.415;-1.446.742.776;Laura;Deployment length was not recorded and the deployment whisker is not available. So the deployment length (Linf) for all recovery whiskers located in RC2 was calculated as the average of eight RC2 deployment whiskers that were measured (9.4 cm);
4179;12;-17.65;15.99;yes;3;2;7.9;1.6;736239.9;6/3/2015;2/1/2016;4.782.518.052;-1.421.003.514;Laura;Deployment length was not recorded and the deployment whisker is not available. So the deployment length (Linf) for all recovery whiskers located in RC2 was calculated as the average of eight RC2 deployment whiskers that were measured (9.4 cm);
4179;13;-17.95;15.75;yes;3;2;7.9;1.3;736255.7;6/3/2015;2/1/2016;4.791.356.025;-1.421.565.842;Laura;Deployment length was not recorded and the deployment whisker is not available. So the deployment length (Linf) for all recovery whiskers located in RC2 was calculated as the average of eight RC2 deployment whiskers that were measured (9.4 cm);
5430;1;-17.26;15.31;no;3;2;9.8;8.7;736114.5;5/23/2015;1/23/2016;#N/A;#N/A;Laura;;
5430;2;-17.27;15.14;no;3;2;9.8;8.3;736127.1;5/23/2015;1/23/2016;4.083.702.631;-1.302.634.884;Laura;Deployment length was not recorded and the deployment whisker is not available. So the deployment length (Linf) for all recovery whiskers located in RC2 was calculated as the average of eight RC2 deployment whiskers that were measured (9.4 cm);
5430;3;-17.29;15.21;no;3;2;9.8;7.8;736131.8;5/23/2015;1/23/2016;4.357.559.571;-1.329.913.486;Laura;Deployment length was not recorded and the deployment whisker is not available. So the deployment length (Linf) for all recovery whiskers located in RC2 was calculated as the average of eight RC2 deployment whiskers that were measured (9.4 cm);
5430;4;-17.2;15.62;no;3;2;9.8;7.4;736135.8;5/23/2015;1/23/2016;44.782.877;-1.356.495.461;Laura;Deployment length was not recorded and the deployment whisker is not available. So the deployment length (Linf) for all recovery whiskers located in RC2 was calculated as the average of eight RC2 deployment whiskers that were measured (9.4 cm);
5430;5;-17.1;15.96;no;3;2;9.8;7;736140;5/23/2015;1/23/2016;4.499.317.169;-1.391.567.313;Laura;Deployment length was not recorded and the deployment whisker is not available. So the deployment length (Linf) for all recovery whiskers located in RC2 was calculated as the average of eight RC2 deployment whiskers that were measured (9.4 cm);
5430;6;-16.98;15.99;no;3;2;9.8;6.6;736144.5;5/23/2015;1/23/2016;4.493.922.399;-1.422.083.941;Laura;Deployment length was not recorded and the deployment whisker is not available. So the deployment length (Linf) for all recovery whiskers located in RC2 was calculated as the average of eight RC2 deployment whiskers that were measured (9.4 cm);
5430;7;-16.98;16.09;no;3;2;9.8;6.1;736150.4;5/23/2015;1/23/2016;4.527.557.447;-144.002.519;Laura;Deployment length was not recorded and the deployment whisker is not available. So the deployment length (Linf) for all recovery whiskers located in RC2 was calculated as the average of eight RC2 deployment whiskers that were measured (9.4 cm);
5430;8;-16.93;16.32;no;3;2;9.8;5.7;736155.6;5/23/2015;1/23/2016;4.521.790.949;-1.451.018.209;Laura;Deployment length was not recorded and the deployment whisker is not available. So the deployment length (Linf) for all recovery whiskers located in RC2 was calculated as the average of eight RC2 deployment whiskers that were measured (9.4 cm);
5430;9;-16.73;17.08;no;3;2;9.8;5.3;736161.1;5/23/2015;1/23/2016;4.455.418.653;-1.433.633.204;Laura;Deployment length was not recorded and the deployment whisker is not available. So the deployment length (Linf) for all recovery whiskers located in RC2 was calculated as the average of eight RC2 deployment whiskers that were measured (9.4 cm);
5430;10;-16.65;17.73;no;3;2;9.8;4.8;736168.6;5/23/2015;1/23/2016;4.497.169.042;-1.435.648.233;Laura;Deployment length was not recorded and the deployment whisker is not available. So the deployment length (Linf) for all recovery whiskers located in RC2 was calculated as the average of eight RC2 deployment whiskers that were measured (9.4 cm);
5430;11;-16.42;17.8;no;3;2;9.8;4.4;736175.2;5/23/2015;1/23/2016;4.448.345.127;-1.439.231.941;Laura;Deployment length was not recorded and the deployment whisker is not available. So the deployment length (Linf) for all recovery whiskers located in RC2 was calculated as the average of eight RC2 deployment whiskers that were measured (9.4 cm);
5430;12;-16.28;17.03;no;3;2;9.8;3.9;736184.3;5/23/2015;1/23/2016;4.550.077.433;-1.418.008.986;Laura;Deployment length was not recorded and the deployment whisker is not available. So the deployment length (Linf) for all recovery whiskers located in RC2 was calculated as the average of eight RC2 deployment whiskers that were measured (9.4 cm);
5430;13;-16.9;17.4;no;3;2;9.8;3.5;736192.5;5/23/2015;1/23/2016;4.668.725.373;-1.422.115.364;Laura;Deployment length was not recorded and the deployment whisker is not available. So the deployment length (Linf) for all recovery whiskers located in RC2 was calculated as the average of eight RC2 deployment whiskers that were measured (9.4 cm);
5430;14;-17.08;17.23;no;3;2;9.8;3;736204.2;5/23/2015;1/23/2016;4.742.721.439;-1.423.050.406;Laura;Deployment length was not recorded and the deployment whisker is not available. So the deployment length (Linf) for all recovery whiskers located in RC2 was calculated as the average of eight RC2 deployment whiskers that were measured (9.4 cm);
5430;15;-17.08;16.75;no;3;2;9.8;2.4;736221.1;5/23/2015;1/23/2016;4.709.361.087;-1.409.483.163;Laura;Deployment length was not recorded and the deployment whisker is not available. So the deployment length (Linf) for all recovery whiskers located in RC2 was calculated as the average of eight RC2 deployment whiskers that were measured (9.4 cm);
5430;16;-17.67;16.67;no;3;2;9.8;1.7;736247.2;5/23/2015;1/23/2016;4.598.528.814;-1.387.606.579;Laura;Deployment length was not recorded and the deployment whisker is not available. So the deployment length (Linf) for all recovery whiskers located in RC2 was calculated as the average of eight RC2 deployment whiskers that were measured (9.4 cm);
5430;17;-16.98;16.32;no;3;2;9.8;1.1;736280.2;5/23/2015;1/23/2016;4.729.415.197;-1.355.028.005;Laura;Deployment length was not recorded and the deployment whisker is not available. So the deployment length (Linf) for all recovery whiskers located in RC2 was calculated as the average of eight RC2 deployment whiskers that were measured (9.4 cm);
U 20;1;-17.3;14.87;yes;3;3;8;7;736119;6/4/2015;1/27/2016;#N/A;#N/A;Laura;;
U 20;2;-17.42;14.7;yes;3;3;8;6.7;736132.4;6/4/2015;1/27/2016;3.890.191.711;-1.267.838.314;Laura;;
U 20;3;-17.3;14.17;yes;3;3;8;6.2;736138.3;6/4/2015;1/27/2016;4.173.488.842;-1.311.485.264;Laura;;
U 20;4;-17.25;14.35;yes;3;3;8;5.8;736143.4;6/4/2015;1/27/2016;436.653.463;-1.356.239.315;Laura;;
U 20;5;-17.4;13.81;yes;3;3;8;5.3;736150.2;6/4/2015;1/27/2016;4.481.922.323;-1.422.765.999;Laura;;
U 20;6;-17.38;14.1;yes;3;3;8;4.9;736156.1;6/4/2015;1/27/2016;4.521.936.651;-1.477.890.029;Laura;;
U 20;7;-17.17;14.71;yes;3;3;8;4.5;736162.6;6/4/2015;1/27/2016;4.368.335.307;-1.513.596.105;Laura;;
U 20;8;-17.09;14.83;yes;3;3;8;4;736171.5;6/4/2015;1/27/2016;4.381.908.513;-1.536.668.435;Laura;;
U 20;9;-17.03;14.92;yes;3;3;8;3.5;736181.6;6/4/2015;1/27/2016;4.374.624.938;-1.527.828.575;Laura;;
U 20;10;-17.05;15.08;yes;3;3;8;3;736193.3;6/4/2015;1/27/2016;4.522.554.158;-1.499.539.019;Laura;;
U 20;11;-16.98;15.27;yes;3;3;8;2.5;736207.1;6/4/2015;1/27/2016;4.867.095.477;-1.480.835.438;Laura;;
U 20;12;-17.2;15.34;yes;3;3;8;1.9;736227.9;6/4/2015;1/27/2016;4.791.278.196;-1.485.345.659;Laura;;
U 20;13;-17.35;16.51;yes;3;3;8;1.4;736251;6/4/2015;1/27/2016;4.754.876.023;-1.481.588.465;Laura;;
U398;1;-17.54;14;yes;3;2;8.2;7.3;736494.1;6/6/2016;2/8/2017;#N/A;#N/A;Laura;;
U398;2;-17.42;14.06;yes;3;2;8.2;6.8;736508.2;6/6/2016;2/8/2017;3.867.666.594;-1.263.859.749;Laura;;
U398;3;-17.35;14.2;yes;3;2;8.2;6.5;736511.7;6/6/2016;2/8/2017;4.048.081.953;-1.282.333.722;Laura;;
U398;4;-17.19;14.38;yes;3;2;8.2;6.1;736516.5;6/6/2016;2/8/2017;4.431.322.805;-1.304.772.901;Laura;;
U398;5;-17.21;14.53;yes;3;2;8.2;5.7;736521.6;6/6/2016;2/8/2017;4.714.187.169;-1.324.310.107;Laura;;
U398;6;-17.23;14.39;yes;3;2;8.2;5.3;736527.1;6/6/2016;2/8/2017;4.994.028.828;-13.420.611;Laura;;
U398;7;-17.59;14.84;yes;3;2;8.2;4.9;736533.1;6/6/2016;2/8/2017;541.493.254;-13.690.577;Laura;;
U398;8;-17.49;14.19;yes;3;2;8.2;4.5;736539.5;6/6/2016;2/8/2017;5.686.320.349;-1.422.221.836;Laura;;
U398;9;-17.68;13.98;yes;3;2;8.2;4;736548.4;6/6/2016;2/8/2017;5.624.840.247;-1.495.689.286;Laura;;
U398;10;-17.79;13.99;yes;3;2;8.2;3.7;736554.3;6/6/2016;2/8/2017;5.504.328.697;-1.437.292.807;Laura;;
U398;11;-17.69;14;yes;3;2;8.2;3.2;736565.3;6/6/2016;2/8/2017;5.673.608.738;-1.379.908.131;Laura;;
U398;12;-17.86;13.86;yes;3;2;8.2;2.7;736578.2;6/6/2016;2/8/2017;5.598.945.746;-1.380.654.615;Laura;;
U398;13;-18.12;13.34;yes;3;2;8.2;2.2;736593.7;6/6/2016;2/8/2017;5.779.517.712;-1.432.494.556;Laura;;
U398;14;-18.05;13.81;yes;3;2;8.2;1.7;736613.3;6/6/2016;2/8/2017;5.626.400.512;-1.426.572.779;Laura;;
U398;15;-17.74;14.98;yes;3;2;8.2;1;736653.5;6/6/2016;2/8/2017;582.561.458;-1.457.501.779;Laura;;
U398;16;-16.89;14.83;yes;3;2;8.2;0.3;736744.7;6/6/2016;2/8/2017;3.715.944.873;-1.223.307.748;Laura;;
9678;1;-17.44;13.29;yes;3;2;8.9;7.6;736488.8;6/7/2016;1/23/2017;#N/A;#N/A;Laura;;
9678;2;-17.54;13.21;yes;3;2;8.9;7.1;736506;6/7/2016;1/23/2017;4.247.236.688;-1.367.907.681;Laura;;
9678;3;-17.49;13.2;yes;3;2;8.9;6.7;736499.8;6/7/2016;1/23/2017;4.002.585.047;-1.309.517.873;Laura;;
9678;4;-17.41;13.34;yes;3;2;8.9;6.3;736515;6/7/2016;1/23/2017;4.598.869.995;-1.444.543.838;Laura;;
9678;5;-17.4;13.29;yes;3;2;8.9;6;736518.7;6/7/2016;1/23/2017;4.671.416.364;-1.483.220.913;Laura;;
9678;6;-17.39;13.48;yes;3;2;8.9;5.6;736523.9;6/7/2016;1/23/2017;4.731.091.063;-1.527.510.377;Laura;;
9678;7;-17.32;13.65;yes;3;2;8.9;5.2;736529.6;6/7/2016;1/23/2017;4.768.496.037;-1.570.528.671;Laura;;
9678;8;-17.29;13.75;yes;3;2;8.9;4.8;736535.6;6/7/2016;1/23/2017;4.748.724.282;-1.626.104.257;Laura;;
9678;9;-17.32;13.63;yes;3;2;8.9;4.4;736542.2;6/7/2016;1/23/2017;457.331.573;-1.670.099.803;Laura;;
9678;10;-17.3;14.16;yes;3;2;8.9;3.9;736551.4;6/7/2016;1/23/2017;4.475.763.947;-1.691.564.201;Laura;;
9678;11;-17.32;14;yes;3;2;8.9;3.5;736559.6;6/7/2016;1/23/2017;4.459.768.229;-1.692.861.653;Laura;;
9678;12;-17.36;14.12;yes;3;2;8.9;3;736571.2;6/7/2016;1/23/2017;4.481.813.317;-1.697.044.719;Laura;;
9678;13;-17.49;14.23;yes;3;2;8.9;2.5;736585;6/7/2016;1/23/2017;4.501.688.862;-1.690.904.281;Laura;;
9678;14;-17.69;14.11;yes;3;2;8.9;2;736601.9;6/7/2016;1/23/2017;4.534.558.077;-1.677.988.112;Laura;;
9678;15;-17.75;14.34;yes;3;2;8.9;1.4;736629;6/7/2016;1/23/2017;4.458.784.272;-1.662.259.393;Laura;;
9678;16;-17.86;14.83;yes;3;2;8.9;0.8;736671.4;6/7/2016;1/23/2017;4.646.026.794;-1.405.341.512;Laura;;
A275;1;-17.09;15.72;yes;3;2;10.2;9.2;736480.7;5/25/2016;1/19/2017;3.783.574.752;-1.258.623.509;Laura;;
A275;2;-17.1;15.58;yes;3;2;10.2;8.8;736491.9;5/25/2016;1/19/2017;4.208.067.289;-1.339.226.269;Laura;;
A275;3;-17.24;15.26;yes;3;2;10.2;8.4;736495.4;5/25/2016;1/19/2017;421.299.793;-1.365.506.167;Laura;;
A275;4;-17.3;15.38;yes;3;2;10.2;8;736499.1;5/25/2016;1/19/2017;4.181.857.166;-1.391.557.041;Laura;;
A275;5;-17.32;15.29;yes;3;2;10.2;7.6;736503;5/25/2016;1/19/2017;4.148.906.421;-1.418.951.197;Laura;;
A275;6;-17.26;15.41;yes;3;2;10.2;7.3;736506.1;5/25/2016;1/19/2017;412.264.986;-1.440.777.929;Laura;;
A275;7;-17.32;15.38;yes;3;2;10.2;6.9;736510.3;5/25/2016;1/19/2017;4.087.056.911;-1.470.448.614;Laura;;
A275;8;-17.32;15.07;yes;3;2;10.2;6.4;736516;5/25/2016;1/19/2017;3.993.981.862;-150.411.343;Laura;;
A275;9;-17.29;15.01;yes;3;2;10.2;6;736520.9;5/25/2016;1/19/2017;3.976.830.644;-1.525.041.944;Laura;;
A275;10;-17.39;14.58;yes;3;2;10.2;5.6;736526.1;5/25/2016;1/19/2017;3.934.406.617;-1.532.922.893;Laura;;
A275;11;-17.31;14.32;yes;3;2;10.2;5.2;736531.8;5/25/2016;1/19/2017;3.929.645.589;-153.072.002;Laura;;
A275;12;-17.31;14.27;yes;3;2;10.2;4.7;736539.4;5/25/2016;1/19/2017;3.927.343.227;-1.537.295.083;Laura;;
A275;13;-17.32;14.16;yes;3;2;10.2;4.2;736547.9;5/25/2016;1/19/2017;3.918.313.448;-1.538.486.303;Laura;;
A275;14;-17.15;14.35;yes;3;2;10.2;3.7;736557.5;5/25/2016;1/19/2017;3.919.145.435;-1.538.257.967;Laura;;
A275;15;-17.18;14.43;yes;3;2;10.2;3.2;736568.5;5/25/2016;1/19/2017;3.978.275.315;-1.544.818.438;Laura;;
A275;16;-17.16;14.78;yes;3;2;10.2;2.6;736584.3;5/25/2016;1/19/2017;4.187.062.406;-150.842.189;Laura;;
A275;17;-17.24;14.92;yes;3;2;10.2;2;736604.1;5/25/2016;1/19/2017;433.953.946;-1.444.273.677;Laura;;
A275;18;-17.12;14.83;yes;3;2;10.2;1.2;736642.8;5/25/2016;1/19/2017;4.105.347.975;-1.444.073.207;Laura;;
VX518;1;-17.4;14.18;yes;3;2;8.4;7.4;736494.2;6/8/2016;4/12/2017;3.861.780.205;-124.710.615;Laura;;
VX518;2;-17.36;14.1;yes;3;2;8.4;7;736508;6/8/2016;4/12/2017;4.196.216.463;-1.294.638.934;Laura;;
VX518;3;-17.34;13.98;yes;3;2;8.4;6.7;736511.4;6/8/2016;4/12/2017;4.284.079.885;-1.304.847.681;Laura;;
VX518;4;-17.35;14.4;yes;3;2;8.4;6.3;736516;6/8/2016;4/12/2017;4.493.861.252;-1.319.586.648;Laura;;
VX518;5;-17.3;14.32;yes;3;2;8.4;5.9;736521;6/8/2016;4/12/2017;4.643.182.656;-1.351.298.678;Laura;;
VX518;6;-17.31;14.25;yes;3;2;8.4;5.5;736526.3;6/8/2016;4/12/2017;4.777.175.277;-1.374.638.328;Laura;;
VX518;7;-17.31;14.24;yes;3;2;8.4;5.1;736532;6/8/2016;4/12/2017;4.817.456.188;-1.415.100.037;Laura;;
VX518;8;-17.38;14.19;yes;3;2;8.4;4.7;736538.2;6/8/2016;4/12/2017;4.718.018.952;-1.462.132.986;Laura;;
VX518;9;-17.45;14.28;yes;3;2;8.4;4.2;736546.7;6/8/2016;4/12/2017;4.698.135.495;-1.485.219.756;Laura;;
VX518;10;-17.59;14.26;yes;3;2;8.4;3.8;736554.3;6/8/2016;4/12/2017;4.711.229.737;-149.595.996;Laura;;
VX518;11;-17.83;14.03;yes;3;2;8.4;3.3;736565;6/8/2016;4/12/2017;4.711.614.594;-1.545.343.716;Laura;;
VX518;12;-18.25;13.4;yes;3;2;8.4;2.9;736574.8;6/8/2016;4/12/2017;4.595.990.517;-1.587.551.479;Laura;;
VX518;13;-17.92;13.87;yes;3;2;8.4;2.4;736589.1;6/8/2016;4/12/2017;4.540.665.567;-1.599.412.034;Laura;;
VX518;14;-17.89;14.21;yes;3;2;8.4;1.8;736610.9;6/8/2016;4/12/2017;4.598.916.751;-1.548.409.874;Laura;;
VX518;15;-17.58;16.03;yes;3;2;8.4;1.1;736648.2;6/8/2016;4/12/2017;46.410.935;-1.529.455.891;Laura;;
7589;1;-17.38;14.57;yes;3;2;8.2;7.2;736494.1;6/15/2016;2/4/2017;#N/A;#N/A;Laura;;
7589;2;-17.52;14.2;yes;3;2;8.2;6.8;736508.3;6/15/2016;2/4/2017;3.989.564.979;-1.268.956.813;Laura;;
7589;3;-17.61;13.8;yes;3;2;8.2;6.4;736512.9;6/15/2016;2/4/2017;4.202.646.268;-1.303.930.989;Laura;;
7589;4;-17.65;13.67;yes;3;2;8.2;6.1;736516.5;6/15/2016;2/4/2017;4.394.730.472;-1.327.699.584;Laura;;
7589;5;-17.84;13.43;yes;3;2;8.2;5.7;736521.7;6/15/2016;2/4/2017;4.605.601.997;-13.694.127;Laura;;
7589;6;-17.89;13.51;yes;3;2;8.2;5.2;736528.6;6/15/2016;2/4/2017;479.643.223;-1.416.024.589;Laura;;
7589;7;-17.91;13.67;yes;3;2;8.2;4.9;736533.1;6/15/2016;2/4/2017;4.849.782.397;-145.546.573;Laura;;
7589;8;-17.99;13.72;yes;3;2;8.2;4.5;736539.6;6/15/2016;2/4/2017;4.810.810.538;-1.484.941.248;Laura;;
7589;9;-18.01;13.86;yes;3;2;8.2;4;736548.5;6/15/2016;2/4/2017;4.821.316.006;-1.505.874.582;Laura;;
7589;10;-17.98;13.97;yes;3;2;8.2;3.6;736556.5;6/15/2016;2/4/2017;4.843.162.831;-1.508.772.868;Laura;;
7589;11;-17.89;13.98;yes;3;2;8.2;3.2;736565.4;6/15/2016;2/4/2017;4.811.083.738;-1.507.849.276;Laura;;
7589;12;-17.82;14.3;yes;3;2;8.2;2.7;736578.3;6/15/2016;2/4/2017;4.840.941.999;-1.518.581.168;Laura;;
7589;13;-17.79;14.31;yes;3;2;8.2;2.2;736593.8;6/15/2016;2/4/2017;4.867.581.738;-1.499.766.036;Laura;;
7589;14;-18.11;14.06;yes;3;2;8.2;1.6;736617.9;6/15/2016;2/4/2017;4.833.258.585;-14.949.248;Laura;;
7589;15;-18.41;14.04;yes;3;2;8.2;1.2;736639.7;6/15/2016;2/4/2017;4.889.049.493;-1.473.420.189;Laura;;
X 58;1;-17.49;14.51;no;4;2;12.6;11.3;736108;5/14/2015;1/25/2016;#N/A;#N/A;Laura;Whiskers above were prepped by Laura and run 2018_12_09. No raw data for whiskers below. Corregir en ISOSCAPE Mastersheet una vez los consiga.;
X 58;2;-17.38;14.65;no;4;2;12.6;11;736117.7;5/14/2015;1/25/2016;#N/A;#N/A;Laura;;
X 58;3;-17.15;14.97;no;4;2;12.6;10.6;736120.5;5/14/2015;1/25/2016;3.753.976.363;-1.228.470.682;Laura;;
X 58;4;-17.18;14.97;no;4;2;12.6;10.2;736123.4;5/14/2015;1/25/2016;3.836.489.154;-1.268.114.876;Laura;;
X 58;5;-17;15.15;no;4;2;12.6;9.8;736126.4;5/14/2015;1/25/2016;3.988.126.546;-130.323.997;Laura;;
X 58;6;-17;15.19;no;4;2;12.6;9.4;736129.6;5/14/2015;1/25/2016;4.185.146.186;-1.332.511.137;Laura;;
X 58;7;-16.99;15.14;no;4;2;12.6;9;736132.9;5/14/2015;1/25/2016;4.328.330.586;-1.362.479.415;Laura;;
X 58;8;-16.98;15.1;no;4;2;12.6;8.7;736135.4;5/14/2015;1/25/2016;4.397.611.573;-1.385.546.431;Laura;;
X 58;9;-17.02;15.01;no;4;2;12.6;8.4;736138.1;5/14/2015;1/25/2016;4.439.775.214;-1.411.118.332;Laura;;
X 58;10;-16.97;15.03;no;4;2;12.6;8;736141.8;5/14/2015;1/25/2016;4.455.315.467;-1.446.361.233;Laura;;
X 58;11;-17.01;14.97;no;4;2;12.6;7.6;736145.7;5/14/2015;1/25/2016;4.408.197.283;-147.979.666;Laura;;
X 58;12;-17.06;15.31;no;4;2;12.6;7.3;736148.7;5/14/2015;1/25/2016;435.965.967;-1.498.891.871;Laura;;
X 58;13;-16.99;15.54;no;4;2;12.6;6.8;736154.1;5/14/2015;1/25/2016;4.313.880.434;-1.540.206.987;Laura;;
X 58;14;-16.82;16.34;no;4;2;12.6;6.4;736158.7;5/14/2015;1/25/2016;418.741.218;-1.558.872.342;Laura;;
X 58;15;-16.68;17.14;no;4;2;12.6;6;736163.6;5/14/2015;1/25/2016;4.165.055.474;-1.576.121.205;Laura;;
X 58;16;-16.61;17.01;no;4;2;12.6;5.6;736168.8;5/14/2015;1/25/2016;424.084.872;-1.578.513.841;Laura;;
X 58;17;-16.85;17.2;no;4;2;12.6;5.2;736174.4;5/14/2015;1/25/2016;4.221.748.457;-1.588.767.784;Laura;;
X 58;18;-17.01;17.28;no;4;2;12.6;4.8;736180.5;5/14/2015;1/25/2016;407.841.652;-1.555.626.875;Laura;;
X 58;19;-17.12;17.28;no;4;2;12.6;4.4;736187.1;5/14/2015;1/25/2016;4.071.691.638;-1.545.211.643;Laura;;
X 58;20;-17.15;17.11;no;4;2;12.6;4;736194.3;5/14/2015;1/25/2016;4.131.707.066;-1.535.086.945;Laura;;
X 58;21;-17.13;16.81;no;4;2;12.6;3.5;736204.4;5/14/2015;1/25/2016;4.371.860.581;-1.540.189.903;Laura;;
X 58;22;-17.05;16.7;no;4;2;12.6;3;736216.1;5/14/2015;1/25/2016;4.679.499.373;-1.577.018.863;Laura;;
X 58;23;-17.1;16.57;no;4;2;12.6;2.6;736226.9;5/14/2015;1/25/2016;4.673.170.635;-1.601.519.813;Laura;;
X 58;24;-17.13;16.4;no;4;2;12.6;2.1;736243.1;5/14/2015;1/25/2016;4.697.534.597;-1.620.396.136;Laura;;
X 58;25;-17.24;16.62;no;4;2;12.6;1.5;736268.6;5/14/2015;1/25/2016;4.692.467.341;-1.588.078.296;Laura;;
VX570;1;-16.97;14.39;;3;2;;10.3;736487;;3/26/2017;#N/A;#N/A;Laura;;Segment #1 for SIA corresponds to the base. Removed from analysis.
VX570;2;-16.99;13.7;yes;3;2;10.3;8.9;736498;6/1/2016;3/26/2017;3.686.175.845;-1.299.165.793;Laura;;
VX570;3;-17.23;13.2;yes;3;2;10.3;8.6;736500.6;6/1/2016;3/26/2017;3.769.962.114;-1.331.874.466;Laura;;
VX570;4;-17.37;12.83;yes;3;2;10.3;8.2;736504.3;6/1/2016;3/26/2017;3.894.216.713;-1.378.614.932;Laura;;
VX570;5;-17.58;12.9;yes;3;2;10.3;7.9;736507.1;6/1/2016;3/26/2017;398.812.975;-1.413.851.342;Laura;;
VX570;6;-17.38;13.12;yes;3;2;10.3;7.5;736511;6/1/2016;3/26/2017;4.114.337.532;-146.277.035;Laura;;
VX570;7;-17.44;13.11;yes;3;2;10.3;7;736516.2;6/1/2016;3/26/2017;4.138.742.588;-15.222.547;Laura;;
VX570;8;-17.48;13.24;yes;3;2;10.3;6.6;736520.7;6/1/2016;3/26/2017;4.105.273.037;-1.567.369.473;Laura;;
VX570;9;-17.5;13.19;yes;3;2;10.3;6.2;736525.4;6/1/2016;3/26/2017;4.129.611.257;-1.612.397.584;Laura;;
VX570;10;-17.49;13.27;yes;3;2;10.3;5.8;736530.5;6/1/2016;3/26/2017;4.142.444.032;-1.654.946.087;Laura;;
VX570;11;-17.48;13.42;yes;3;2;10.3;5.4;736535.9;6/1/2016;3/26/2017;4.119.660.787;-1.678.701.118;Laura;;
VX570;12;-17.57;13.4;yes;3;2;10.3;5;736541.7;6/1/2016;3/26/2017;4.212.685.396;-1.710.926.545;Laura;;
VX570;13;-17.6;13.29;yes;3;2;10.3;4.6;736548;6/1/2016;3/26/2017;4.184.237.753;-1.753.505.625;Laura;;
VX570;14;-17.57;13.6;yes;3;2;10.3;4;736558.6;6/1/2016;3/26/2017;413.913.346;-1.778.909.378;Laura;;
VX570;15;-17.69;13.51;yes;3;2;10.3;3.5;736568.8;6/1/2016;3/26/2017;4.120.594.827;-1.781.585.164;Laura;;
VX570;16;-17.57;13.74;yes;3;2;10.3;3;736580.4;6/1/2016;3/26/2017;4.202.487.457;-1.788.225.254;Laura;;
VX570;17;-17.96;13.73;yes;3;2;10.3;2.3;736600.6;6/1/2016;3/26/2017;4.189.735.877;-179.328.769;Laura;;
4209;1;-17.2;15.11;yes;3;2;;8.4;736479.3;6/2/2016;1/27/2017;#N/A;#N/A;Laura;;Segment #1 for SIA corresponds to the base. Removed from analysis.
4209;2;-17.18;15.1;yes;3;2;8.4;6.9;736494.2;6/2/2016;1/27/2017;#N/A;#N/A;Laura;;
4209;3;-17.13;15.14;yes;3;2;8.4;6.5;736498.7;6/2/2016;1/27/2017;3.689.808.143;-1.239.835.156;Laura;;
4209;4;-17.22;15.18;yes;3;2;8.4;6.1;736503.5;6/2/2016;1/27/2017;4.003.177.342;-1.270.043.773;Laura;;
4209;5;-17.24;14.99;yes;3;2;8.4;5.7;736508.7;6/2/2016;1/27/2017;4.413.862.492;-1.270.601.695;Laura;;
4209;6;-17.4;14.89;yes;3;2;8.4;5.3;736514.2;6/2/2016;1/27/2017;4.732.150.333;-125.735.557;Laura;;
4209;7;-17.16;15.19;yes;3;2;8.4;4.9;736520.1;6/2/2016;1/27/2017;4.988.948.494;-1.298.664.507;Laura;;
4209;8;-17.01;15.28;yes;3;2;8.4;4.5;736526.6;6/2/2016;1/27/2017;5.124.230.197;-1.353.704.579;Laura;;
4209;9;-16.81;15.48;yes;3;2;8.4;4.1;736533.6;6/2/2016;1/27/2017;5.120.853.642;-1.327.469.856;Laura;;
4209;10;-16.92;15.45;yes;3;2;8.4;3.6;736543.5;6/2/2016;1/27/2017;4.656.176.291;-1.281.885.295;Laura;;
4209;11;-16.55;16.18;yes;3;2;8.4;3.2;736552.4;6/2/2016;1/27/2017;4.514.496.042;-1.265.778.818;Laura;;
4209;12;-16.78;16.05;yes;3;2;8.4;2.7;736565.3;6/2/2016;1/27/2017;4.920.234.712;-1.277.560.259;Laura;;
4209;13;-18.37;15.76;yes;3;2;8.4;2.2;736580.8;6/2/2016;1/27/2017;4.940.212.648;-1.363.862.479;Laura;;
4209;14;-17.57;15.09;yes;3;2;8.4;1.7;736600.3;6/2/2016;1/27/2017;4.960.010.846;-1.342.718.779;Laura;;
4209;15;-17.63;15.36;yes;3;2;8.4;1.3;736620.7;6/2/2016;1/27/2017;503.783.505;-1.316.429.487;Laura;;
Y1481;1;-18.45;11.57;;3;2;;9.2;736497.3;6/10/2016;2/12/2017;#N/A;#N/A;Laura;;Segment #1 for SIA corresponds to the base. Removed from analysis.
Y1481;2;-18.73;11.18;yes;3;2;9.2;7.8;736509.8;6/10/2016;2/12/2017;4.247.772.027;-1.298.783.839;Laura;;
Y1481;3;-18.81;11.24;yes;3;2;9.2;7.4;736513.8;6/10/2016;2/12/2017;4.522.198.324;-1.321.749.021;Laura;;
Y1481;4;-18.63;11.98;yes;3;2;9.2;7;736518;6/10/2016;2/12/2017;4.574.253.226;-1.330.549.871;Laura;;
Y1481;5;-18.14;13.17;yes;3;2;9.2;6.6;736522.5;6/10/2016;2/12/2017;4.559.784.544;-133.239.247;Laura;;
Y1481;6;-17.58;14.39;yes;3;2;9.2;6.2;736527.2;6/10/2016;2/12/2017;4.613.054.289;-1.348.400.927;Laura;;
Y1481;7;-17.55;14.77;yes;3;2;9.2;5.8;736532.3;6/10/2016;2/12/2017;4.867.475.546;-138.412.726;Laura;;
Y1481;8;-18.11;13.27;yes;3;2;9.2;5.4;736537.7;6/10/2016;2/12/2017;5.144.885.389;-1.423.969.279;Laura;;
Y1481;9;-18.34;12.36;yes;3;2;9.2;4.9;736545;6/10/2016;2/12/2017;5.367.402.897;-1.496.388.464;Laura;;
Y1481;10;-17.87;14.14;yes;3;2;9.2;4.6;736549.8;6/10/2016;2/12/2017;5.364.834.029;-1.569.690.055;Laura;;
Y1481;11;-17.57;15.08;yes;3;2;9.2;4.1;736558.5;6/10/2016;2/12/2017;522.436.436;-1.696.252.441;Laura;;
Y1481;12;-17.68;14.76;yes;3;2;9.2;3.6;736568.4;6/10/2016;2/12/2017;5.131.848.689;1.784.127.943;Laura;;
Y1481;13;-17.66;14.74;yes;3;2;9.2;3.1;736579.7;6/10/2016;2/12/2017;5.176.958.868;1.762.833.428;Laura;;
Y1481;14;-18.02;14.31;yes;3;2;9.2;2.6;736593.1;6/10/2016;2/12/2017;5.091.279.507;1.765.194.055;Laura;;
Y1481;15;-18.38;13.42;yes;3;2;9.2;2.1;736609.2;6/10/2016;2/12/2017;5.143.944.729;177.435.672;Laura;;
Y1481;16;-17.8;15.49;yes;3;2;9.2;1.4;736639.9;6/10/2016;2/12/2017;497.169.493;-1.762.473.372;Laura;;
X 1;1;-17.16;15.05;yes;3;1;;11.3;736111.6;5/23/2015;1/17/2016;#N/A;#N/A;Laura;;Segment #1 for SIA corresponds to the base. Removed from analysis.
X 1;2;-17.27;14.88;yes;3;1;11.3;9.6;736123.9;5/23/2015;1/17/2016;4.036.053.796;-1.307.464.189;Laura;;
X 1;3;-17.22;14.73;yes;3;1;11.3;9.2;736127.1;5/23/2015;1/17/2016;4.170.231.013;-1.336.607.188;Laura;;
X 1;4;-17.24;14.62;yes;3;1;11.3;8.8;736130.5;5/23/2015;1/17/2016;4.309.382.282;-1.363.834.837;Laura;;
X 1;5;-17.25;14.44;yes;3;1;11.3;8.5;736133.1;5/23/2015;1/17/2016;4.347.203.572;-1.385.257.229;Laura;;
X 1;6;-17.24;14.26;yes;3;1;11.3;8.1;736136.8;5/23/2015;1/17/2016;4.369.891.021;-1.421.829.789;Laura;;
X 1;7;-17.31;14.19;yes;3;1;11.3;7.7;736140.6;5/23/2015;1/17/2016;442.838.693;-1.458.189.014;Laura;;
X 1;8;-17.47;13.97;yes;3;1;11.3;7.3;736144.7;5/23/2015;1/17/2016;4.442.446.158;-1.500.717.852;Laura;;
X 1;9;-17.43;13.7;yes;3;1;11.3;7;736147.8;5/23/2015;1/17/2016;4.382.573.661;-1.530.290.086;Laura;;
X 1;10;-17.48;13.78;yes;3;1;11.3;6.6;736152.3;5/23/2015;1/17/2016;4.331.710.308;-1.558.238.624;Laura;;
X 1;11;-17.55;13.81;yes;3;1;11.3;6.2;736157;5/23/2015;1/17/2016;4.278.506.279;-1.579.777.061;Laura;;
X 1;12;-17.37;13.98;yes;3;1;11.3;5.8;736162.1;5/23/2015;1/17/2016;4.303.896.537;-1.595.860.053;Laura;;
X 1;13;-17.37;14.04;yes;3;1;11.3;5.3;736168.9;5/23/2015;1/17/2016;4.279.672.804;-1.603.502.013;Laura;;
X 1;14;-17.27;14.16;yes;3;1;11.3;5;736173.3;5/23/2015;1/17/2016;4.286.812.453;-1.606.793.478;Laura;;
X 1;15;-17.41;14.03;yes;3;1;11.3;4.6;736179.6;5/23/2015;1/17/2016;4.260.869.653;-1.612.421.844;Laura;;
X 1;16;-17.42;13.96;yes;3;1;11.3;4.2;736186.5;5/23/2015;1/17/2016;4.330.245.422;-1.608.955.308;Laura;;
X 1;17;-17.41;14.17;yes;3;1;11.3;3.7;736196.1;5/23/2015;1/17/2016;4.400.943.117;-1.610.281.344;Laura;;
X 1;18;-17.29;14.51;yes;3;1;11.3;3.2;736207.1;5/23/2015;1/17/2016;4.368.665.265;-163.611.746;Laura;;
X 1;19;-17.35;14.17;yes;3;1;11.3;2.7;736220;5/23/2015;1/17/2016;4.372.091.521;-1.630.643.078;Laura;;
X 1;20;-17.41;14.82;yes;3;1;11.3;2.2;736235.5;5/23/2015;1/17/2016;434.337.845;-1.600.729.355;Laura;;
X 1;21;-17.37;15.74;yes;3;1;11.3;1.6;736259.6;5/23/2015;1/17/2016;432.204.986;-154.203.556;Laura;;
X 1;22;-17.3;17.29;yes;3;1;11.3;1.2;736281.4;5/23/2015;1/17/2016;421.250.238;-1.518.567.198;Laura;;
5055;1;-17.82;14.16;no;4;3;;10.4;736118.2;4/13/2015;2/1/2016;3.779.004.534;-1.247.900.254;Laura;;Segment #1 for SIA corresponds to the base. Removed from analysis.
5055;2;-17.7;14.53;no;4;3;10.4;9;736129.2;4/13/2015;2/1/2016;4.576.181.773;-1.304.448.677;Laura;;
5055;3;-17.73;14.36;no;4;3;10.4;8.6;736132.6;4/13/2015;2/1/2016;4.793.766.639;-1.320.395.964;Laura;;
5055;4;-17.8;13.89;no;4;3;10.4;8.2;736136.3;4/13/2015;2/1/2016;5.040.977.493;-1.338.535.395;Laura;;
5055;5;-17.66;13.85;no;4;3;10.4;7.8;736140;4/13/2015;2/1/2016;5.219.328.138;-1.359.041.493;Laura;;
5055;6;-17.67;13.95;no;4;3;10.4;7.4;736144;4/13/2015;2/1/2016;5.396.892.521;-1.376.912.967;Laura;;
5055;7;-17.64;14.12;no;4;3;10.4;7;736148.2;4/13/2015;2/1/2016;5.605.934.018;-1.403.281.677;Laura;;
5055;8;-17.6;14.18;no;4;3;10.4;6.5;736153.9;4/13/2015;2/1/2016;5.833.424;-1.437.842.461;Laura;;
5055;9;-17.53;14.53;no;4;3;10.4;6.2;736157.4;4/13/2015;2/1/2016;5.933.675.041;-1.443.868.357;Laura;;
5055;10;-17.49;14.92;no;4;3;10.4;5.8;736162.5;4/13/2015;2/1/2016;5.766.287.903;-1.412.402.074;Laura;;
5055;11;-17.25;15.75;no;4;3;10.4;5.4;736167.9;4/13/2015;2/1/2016;5.659.738.999;-1.413.350.972;Laura;;
5055;12;-17;16.39;no;4;3;10.4;5;736173.7;4/13/2015;2/1/2016;5.589.689.751;-1.428.251.752;Laura;;
5055;13;-16.86;16.24;no;4;3;10.4;4.6;736180;4/13/2015;2/1/2016;5.596.951.227;-1.435.591.272;Laura;;
5055;14;-17.3;16.32;no;4;3;10.4;4.1;736188.8;4/13/2015;2/1/2016;568.762.792;-1.439.587.154;Laura;;
5055;15;-17.56;15.85;no;4;3;10.4;3.7;736196.5;4/13/2015;2/1/2016;5.760.083.775;-1.442.589.282;Laura;;
5055;16;-17.57;15.83;no;4;3;10.4;3.3;736205.2;4/13/2015;2/1/2016;5.935.489.024;-1.448.405.145;Laura;;
5055;17;-17.44;15.45;no;4;3;10.4;2.7;736220.4;4/13/2015;2/1/2016;5.822.209.757;-1.431.714.801;Laura;;
5055;18;-17.37;15.32;no;4;3;10.4;2.1;736239.5;4/13/2015;2/1/2016;5.443.883.381;-1.457.455.778;Laura;;
5055;19;-17.47;15.24;no;4;3;10.4;1.4;736270.2;4/13/2015;2/1/2016;5.546.149.025;-1.485.944.693;Laura;;
5572;1;-17.22;15.53;yes;3;2;;9.4;736375.7;6/7/2016;2/1/2017;3.884.781.747;-1.253.823.873;Laura;;Segment #1 for SIA corresponds to the base. Removed from analysis.
5572;2;-17.29;15.37;yes;3;2;9.4;8;736387.9;6/7/2016;2/1/2017;4.465.993.421;-1.300.034.075;Laura;;
5572;3;-17.54;14.77;yes;3;2;9.4;7.7;736390.8;6/7/2016;2/1/2017;463.719.662;-130.853.816;Laura;;
5572;4;-17.64;14.43;yes;3;2;9.4;7.3;736394.8;6/7/2016;2/1/2017;4.767.108.616;-1.323.786.683;Laura;;
5572;5;-17.65;14.18;yes;3;2;9.4;7;736398;6/7/2016;2/1/2017;4.841.642.848;-133.223.334;Laura;;
5572;6;-17.79;14.06;yes;3;2;9.4;6.6;736402.5;6/7/2016;2/1/2017;4.866.801.825;-1.341.620.418;Laura;;
5572;7;-17.83;14.06;yes;3;2;9.4;6.2;736407.2;6/7/2016;2/1/2017;4.796.994.762;-1.361.829.778;Laura;;
5572;8;-17.77;14.24;yes;3;2;9.4;5.8;736412.3;6/7/2016;2/1/2017;473.533.519;-1.345.043.332;Laura;;
5572;9;-17.94;14.34;yes;3;2;9.4;5.3;736419.1;6/7/2016;2/1/2017;4.694.146.663;-1.343.377.063;Laura;;
5572;10;-17.9;14.52;yes;3;2;9.4;4.9;736425;6/7/2016;2/1/2017;4.761.724.902;-1.329.781.373;Laura;;
5572;11;-17.76;14.69;yes;3;2;9.4;4.5;736431.5;6/7/2016;2/1/2017;4.601.104.105;-1.318.709.934;Laura;;
5572;12;-17.6;15.16;yes;3;2;9.4;4.1;736438.5;6/7/2016;2/1/2017;4.345.968.873;-1.281.246.265;Laura;;
5572;13;-17.55;15.75;yes;3;2;9.4;3.6;736448.4;6/7/2016;2/1/2017;3.796.772.401;-1.234.355.333;Laura;;
5572;14;-17.43;15.98;yes;3;2;9.4;3.1;736459.7;6/7/2016;2/1/2017;3.717.178.606;-1.222.962.362;Laura;;
5572;15;-17.61;16.26;yes;3;2;9.4;2.5;736476;6/7/2016;2/1/2017;3.717.178.606;-1.222.962.362;Laura;;
5572;16;-17.67;16.06;yes;3;2;9.4;2.1;736489.2;6/7/2016;2/1/2017;3.717.178.606;-1.222.962.362;Laura;;
5572;17;-17.8;16.14;yes;3;2;9.4;1.5;736514.7;6/7/2016;2/1/2017;3.717.178.606;-1.222.962.362;Laura;;
T269;1;-17.08;14.84;yes;3;2;;9.5;736466.9;5/21/2016;1/19/2017;#N/A;#N/A;Laura;;Segment #1 for SIA corresponds to the base. Removed from analysis.
T269;2;-17.34;14.35;yes;3;2;9.5;8;736479.9;5/21/2016;1/19/2017;4.182.248.722;-1.265.263.319;Laura;;
T269;3;-17.27;14.96;yes;3;2;9.5;7.6;736483.8;5/21/2016;1/19/2017;4.457.790.678;-1.290.144.281;Laura;;
T269;4;-17.23;14.94;yes;3;2;9.5;7.3;736486.9;5/21/2016;1/19/2017;4.666.470.764;-1.300.039.788;Laura;;
T269;5;-17.24;15.17;yes;3;2;9.5;7;736490;5/21/2016;1/19/2017;4.866.972.455;-1.318.666.833;Laura;;
T269;6;-17.22;15.25;yes;3;2;9.5;6.6;736494.5;5/21/2016;1/19/2017;506.727.295;-1.355.322.274;Laura;;
T269;7;-17.35;14.77;yes;3;2;9.5;6.2;736499.2;5/21/2016;1/19/2017;518.177.641;-1.407.178.232;Laura;;
T269;8;-17.53;14.47;yes;3;2;9.5;5.9;736503;5/21/2016;1/19/2017;5.274.399.475;-144.912.963;Laura;;
T269;9;-17.7;14.19;yes;3;2;9.5;5.4;736509.7;5/21/2016;1/19/2017;5.437.480.509;-1.522.990.601;Laura;;
T269;10;-17.56;14.4;yes;3;2;9.5;5;736515.5;5/21/2016;1/19/2017;5.502.750.517;-1.568.746.577;Laura;;
T269;11;-17.55;14.47;yes;3;2;9.5;4.6;736521.8;5/21/2016;1/19/2017;5.494.135.633;-1.569.983.734;Laura;;
T269;12;-17.25;15.22;yes;3;2;9.5;4.2;736528.7;5/21/2016;1/19/2017;543.993.223;-1.584.121.485;Laura;;
T269;13;-16.54;15.78;yes;3;2;9.5;3.8;736536.3;5/21/2016;1/19/2017;5.452.801.678;-158.586.898;Laura;;
T269;14;-16.49;15.97;yes;3;2;9.5;3.4;736544.7;5/21/2016;1/19/2017;5.462.598.017;-1.581.833.832;Laura;;
T269;15;-16.53;15.79;yes;3;2;9.5;2.8;736559.5;5/21/2016;1/19/2017;5.519.105.783;-1.553.552.034;Laura;;
T269;16;-16.42;16.05;yes;3;2;9.5;2.3;736574.4;5/21/2016;1/19/2017;5.796.577.423;-1.468.132.499;Laura;;
T269;17;-16.24;16.1;yes;3;2;9.5;1.8;736592.9;5/21/2016;1/19/2017;5.910.893.996;-1.432.397.861;Laura;;
T269;18;-17.14;16.14;yes;3;2;9.5;1.2;736623.6;5/21/2016;1/19/2017;5.906.502.555;-1.460.942.915;Laura;;
6298;1;-17.37;15.59;yes;5;1;13.5;12.3;;6/10/2020;2/12/2021;;;Florencia;;
6298;2;-17.27;15.25;yes;5;1;13.5;12;;6/10/2020;2/12/2021;;;Florencia;;
6298;3;-17.28;14.82;yes;5;1;13.5;11.5;;6/10/2020;2/12/2021;;;Florencia;;
6298;4;-17.4;14.43;yes;5;1;13.5;11.1;;6/10/2020;2/12/2021;;;Florencia;;
6298;5;-17.56;14.04;yes;5;1;13.5;10.8;;6/10/2020;2/12/2021;;;Florencia;;
6298;6;-17.45;13.74;yes;5;1;13.5;10.5;;6/10/2020;2/12/2021;;;Florencia;;
6298;7;-17.57;13.48;yes;5;1;13.5;10.2;;6/10/2020;2/12/2021;;;Florencia;;
6298;8;-17.79;13.02;yes;5;1;13.5;9.8;;6/10/2020;2/12/2021;;;Florencia;;
6298;9;-17.54;13.05;yes;5;1;13.5;9.4;;6/10/2020;2/12/2021;;;Florencia;;
6298;10;-17.66;12.85;yes;5;1;13.5;9;;6/10/2020;2/12/2021;;;Florencia;;
6298;11;-17.67;12.78;yes;5;1;13.5;8.6;;6/10/2020;2/12/2021;;;Florencia;;
6298;12;-17.65;12.9;yes;5;1;13.5;8.3;;6/10/2020;2/12/2021;;;Florencia;;
6298;13;-17.59;13.02;yes;5;1;13.5;7.9;;6/10/2020;2/12/2021;;;Florencia;;
6298;14;-17.57;12.89;yes;5;1;13.5;7.6;;6/10/2020;2/12/2021;;;Florencia;;
6298;15;-17.53;13.1;yes;5;1;13.5;7.3;;6/10/2020;2/12/2021;;;Florencia;;
6298;16;-17.59;13.11;yes;5;1;13.5;6.9;;6/10/2020;2/12/2021;;;Florencia;;
6298;17;-17.59;13.05;yes;5;1;13.5;6.5;;6/10/2020;2/12/2021;;;Florencia;;
6298;18;-17.65;13.27;yes;5;1;13.5;6.3;;6/10/2020;2/12/2021;;;Florencia;;
6298;19;-17.7;13.19;yes;5;1;13.5;5.9;;6/10/2020;2/12/2021;;;Florencia;;
6298;20;-17.68;13.26;yes;5;1;13.5;5.6;;6/10/2020;2/12/2021;;;Florencia;;
6298;21;-17.69;13.22;yes;5;1;13.5;5.2;;6/10/2020;2/12/2021;;;Florencia;;
6298;22;-17.66;12.95;yes;5;1;13.5;4.9;;6/10/2020;2/12/2021;;;Florencia;;
6298;23;-17.68;12.94;yes;5;1;13.5;4.6;;6/10/2020;2/12/2021;;;Florencia;;
6298;24;-17.62;12.88;yes;5;1;13.5;4.2;;6/10/2020;2/12/2021;;;Florencia;;
6298;25;-17.58;12.96;yes;5;1;13.5;3.8;;6/10/2020;2/12/2021;;;Florencia;;
6298;26;-17.47;13.06;yes;5;1;13.5;3.4;;6/10/2020;2/12/2021;;;Florencia;;
6298;27;-17.47;12.88;yes;5;1;13.5;3.1;;6/10/2020;2/12/2021;;;Florencia;;
6298;28;-17.57;13.22;yes;5;1;13.5;2.7;;6/10/2020;2/12/2021;;;Florencia;;
6298;29;-17.59;13.42;yes;5;1;13.5;2.2;;6/10/2020;2/12/2021;;;Florencia;;
6298;30;-17.45;13.92;yes;5;1;13.5;1.9;;6/10/2020;2/12/2021;;;Florencia;;
6298;31;-17.23;14.45;yes;5;1;13.5;1.4;;6/10/2020;2/12/2021;;;Florencia;;
6298;32;-17.13;15.35;yes;5;1;13.5;0.8;;6/10/2020;2/12/2021;;;Florencia;;
B 66;1;-17.7;14.19;no;7;3;11.7;10.8;;6/5/2020;2/7/2021;;;Florencia;;
B 66;2;-17.66;13.64;no;7;3;11.7;10.5;;6/5/2020;2/7/2021;;;Florencia;;
B 66;3;-17.67;13.48;no;7;3;11.7;10.1;;6/5/2020;2/7/2021;;;Florencia;;
B 66;4;-17.64;13.39;no;7;3;11.7;9.7;;6/5/2020;2/7/2021;;;Florencia;;
B 66;5;-17.71;13.35;no;7;3;11.7;9.4;;6/5/2020;2/7/2021;;;Florencia;;
B 66;6;-17.63;13.53;no;7;3;11.7;9;;6/5/2020;2/7/2021;;;Florencia;;
B 66;7;-17.6;13.61;no;7;3;11.7;8.7;;6/5/2020;2/7/2021;;;Florencia;;
B 66;8;-17.6;13.74;no;7;3;11.7;8.4;;6/5/2020;2/7/2021;;;Florencia;;
B 66;9;-17.56;13.87;no;7;3;11.7;8.1;;6/5/2020;2/7/2021;;;Florencia;;
B 66;10;-17.63;14.29;no;7;3;11.7;7.8;;6/5/2020;2/7/2021;;;Florencia;;
B 66;11;-17.53;14.56;no;7;3;11.7;7.4;;6/5/2020;2/7/2021;;;Florencia;;
B 66;12;-17.53;14.68;no;7;3;11.7;7;;6/5/2020;2/7/2021;;;Florencia;;
B 66;13;-17.69;14.69;no;7;3;11.7;6.7;;6/5/2020;2/7/2021;;;Florencia;;
B 66;14;-17.7;14.91;no;7;3;11.7;6.3;;6/5/2020;2/7/2021;;;Florencia;;
B 66;15;-17.62;15.36;no;7;3;11.7;5.9;;6/5/2020;2/7/2021;;;Florencia;;
B 66;16;-17.21;16.55;no;7;3;11.7;5.5;;6/5/2020;2/7/2021;;;Florencia;;
B 66;17;-17.05;16.92;no;7;3;11.7;5.2;;6/5/2020;2/7/2021;;;Florencia;;
B 66;18;-16.93;17.63;no;7;3;11.7;4.8;;6/5/2020;2/7/2021;;;Florencia;;
B 66;19;-16.78;17.51;no;7;3;11.7;4.4;;6/5/2020;2/7/2021;;;Florencia;;
B 66;20;-16.99;17.27;no;7;3;11.7;4.1;;6/5/2020;2/7/2021;;;Florencia;;
B 66;21;-17.21;17.14;no;7;3;11.7;3.7;;6/5/2020;2/7/2021;;;Florencia;;
B 66;22;-17.37;16.91;no;7;3;11.7;3.3;;6/5/2020;2/7/2021;;;Florencia;;
B 66;23;-17.37;16.44;no;7;3;11.7;2.9;;6/5/2020;2/7/2021;;;Florencia;;
B 66;24;-17.44;16.31;no;7;3;11.7;2.4;;6/5/2020;2/7/2021;;;Florencia;;
B 66;25;-17.38;16.04;no;7;3;11.7;1.9;;6/5/2020;2/7/2021;;;Florencia;;
B 66;26;-17.52;15.73;no;7;3;11.7;1.2;;6/5/2020;2/7/2021;;;Florencia;;
9838;1;-17.43;14.95;no;4;1;15;13.5;;5/31/2020;2/6/2021;;;Florencia;;
9838;2;-17.5;14.61;no;4;1;15;13.2;;5/31/2020;2/6/2021;;;Florencia;;
9838;3;-17.64;14.5;no;4;1;15;12.9;;5/31/2020;2/6/2021;;;Florencia;;
9838;4;-17.76;14.27;no;4;1;15;12.5;;5/31/2020;2/6/2021;;;Florencia;;
9838;5;-17.72;14.15;no;4;1;15;12.2;;5/31/2020;2/6/2021;;;Florencia;;
9838;6;-17.72;14.29;no;4;1;15;11.9;;5/31/2020;2/6/2021;;;Florencia;;
9838;7;-17.82;14.28;no;4;1;15;11.6;;5/31/2020;2/6/2021;;;Florencia;;
9838;8;-17.85;14.42;no;4;1;15;11.3;;5/31/2020;2/6/2021;;;Florencia;;
9838;9;-17.88;14.28;no;4;1;15;10.9;;5/31/2020;2/6/2021;;;Florencia;;
9838;10;-17.75;14.28;no;4;1;15;10.6;;5/31/2020;2/6/2021;;;Florencia;;
9838;11;-17.79;14.42;no;4;1;15;10.2;;5/31/2020;2/6/2021;;;Florencia;;
9838;12;-17.76;14.47;no;4;1;15;9.9;;5/31/2020;2/6/2021;;;Florencia;;
9838;13;-17.73;14.31;no;4;1;15;9.5;;5/31/2020;2/6/2021;;;Florencia;;
9838;14;-17.73;14.52;no;4;1;15;9.2;;5/31/2020;2/6/2021;;;Florencia;;
9838;15;-17.84;14.6;no;4;1;15;8.9;;5/31/2020;2/6/2021;;;Florencia;;
9838;16;-17.79;14.76;no;4;1;15;8.6;;5/31/2020;2/6/2021;;;Florencia;;
9838;17;-17.74;14.63;no;4;1;15;8.2;;5/31/2020;2/6/2021;;;Florencia;;
9838;18;-17.84;14.7;no;4;1;15;7.9;;5/31/2020;2/6/2021;;;Florencia;;
9838;19;-17.88;14.42;no;4;1;15;7.5;;5/31/2020;2/6/2021;;;Florencia;;
9838;20;-17.85;14.61;no;4;1;15;7.2;;5/31/2020;2/6/2021;;;Florencia;;
9838;21;-17.8;14.42;no;4;1;15;6.8;;5/31/2020;2/6/2021;;;Florencia;;
9838;22;-17.85;14.74;no;4;1;15;6.5;;5/31/2020;2/6/2021;;;Florencia;;
9838;23;-17.86;14.79;no;4;1;15;6.2;;5/31/2020;2/6/2021;;;Florencia;;
9838;24;-17.73;15.13;no;4;1;15;5.8;;5/31/2020;2/6/2021;;;Florencia;;
9838;25;-17.66;15.42;no;4;1;15;5.5;;5/31/2020;2/6/2021;;;Florencia;;
9838;26;-17.33;16.25;no;4;1;15;5.1;;5/31/2020;2/6/2021;;;Florencia;;
9838;27;-17.02;16.52;no;4;1;15;4.8;;5/31/2020;2/6/2021;;;Florencia;;
9838;28;-16.92;16.6;no;4;1;15;4.4;;5/31/2020;2/6/2021;;;Florencia;;
9838;29;-16.88;16.27;no;4;1;15;4.1;;5/31/2020;2/6/2021;;;Florencia;;
9838;30;-17.28;16.36;no;4;1;15;3.7;;5/31/2020;2/6/2021;;;Florencia;;
9838;31;-17.46;16.26;no;4;1;15;3.3;;5/31/2020;2/6/2021;;;Florencia;;
9838;32;-17.63;16.03;no;4;1;15;2.9;;5/31/2020;2/6/2021;;;Florencia;;
9838;33;-17.58;16.12;no;4;1;15;2.5;;5/31/2020;2/6/2021;;;Florencia;;
9838;34;-17.49;15.78;no;4;1;15;2.1;;5/31/2020;2/6/2021;;;Florencia;;
9838;35;-17.5;15.63;no;4;1;15;1.6;;5/31/2020;2/6/2021;;;Florencia;;
9838;36;-17.56;15.43;no;4;1;15;1;;5/31/2020;2/6/2021;;;Florencia;;
6609;1;-17.2;15.74;yes;4;1;10.3;9;;6/18/2020;2/4/2021;;;Florencia;;
6609;2;-17.11;16.01;yes;4;1;10.3;8.8;;6/18/2020;2/4/2021;;;Florencia;;
6609;3;-17.28;15.72;yes;4;1;10.3;8.5;;6/18/2020;2/4/2021;;;Florencia;;
6609;4;-17.3;15.51;yes;4;1;10.3;8.2;;6/18/2020;2/4/2021;;;Florencia;;
6609;5;-17.35;15.24;yes;4;1;10.3;7.8;;6/18/2020;2/4/2021;;;Florencia;;
6609;6;-17.35;14.7;yes;4;1;10.3;7.5;;6/18/2020;2/4/2021;;;Florencia;;
6609;7;-17.4;14.51;yes;4;1;10.3;7.2;;6/18/2020;2/4/2021;;;Florencia;;
6609;8;-17.46;14.22;yes;4;1;10.3;6.8;;6/18/2020;2/4/2021;;;Florencia;;
6609;9;-17.63;14.26;yes;4;1;10.3;6.5;;6/18/2020;2/4/2021;;;Florencia;;
6609;10;-17.68;14.23;yes;4;1;10.3;6.1;;6/18/2020;2/4/2021;;;Florencia;;
6609;11;-17.67;14.31;yes;4;1;10.3;5.8;;6/18/2020;2/4/2021;;;Florencia;;
6609;12;-17.68;14.42;yes;4;1;10.3;5.4;;6/18/2020;2/4/2021;;;Florencia;;
6609;13;-17.8;14.41;yes;4;1;10.3;5;;6/18/2020;2/4/2021;;;Florencia;;
6609;14;-17.76;14.22;yes;4;1;10.3;4.7;;6/18/2020;2/4/2021;;;Florencia;;
6609;15;-17.87;14.17;yes;4;1;10.3;4.4;;6/18/2020;2/4/2021;;;Florencia;;
6609;16;-18.01;14.36;yes;4;1;10.3;4;;6/18/2020;2/4/2021;;;Florencia;;
6609;17;-17.99;13.98;yes;4;1;10.3;3.7;;6/18/2020;2/4/2021;;;Florencia;;
6609;18;-18.07;13.7;yes;4;1;10.3;3.3;;6/18/2020;2/4/2021;;;Florencia;;
6609;19;-18.1;13.82;yes;4;1;10.3;2.9;;6/18/2020;2/4/2021;;;Florencia;;
6609;20;-17.74;14.38;yes;4;1;10.3;2.5;;6/18/2020;2/4/2021;;;Florencia;;
6609;21;-17.78;14.59;yes;4;1;10.3;2.1;;6/18/2020;2/4/2021;;;Florencia;;
6609;22;-17.62;14.53;yes;4;1;10.3;1.7;;6/18/2020;2/4/2021;;;Florencia;;
6609;23;-17.62;14.7;yes;4;1;10.3;1.4;;6/18/2020;2/4/2021;;;Florencia;;
6609;24;-17.89;14.88;yes;4;1;10.3;0.9;;6/18/2020;2/4/2021;;;Florencia;;
5974;1;-17.19;15.73;yes;4;1;12.7;11.6;;6/18/2020;2/3/2021;;;Florencia;;
5974;2;-17.3;15.51;yes;4;1;12.7;11.3;;6/18/2020;2/3/2021;;;Florencia;;
5974;3;-17.32;15.45;yes;4;1;12.7;11;;6/18/2020;2/3/2021;;;Florencia;;
5974;4;-17.34;15.17;yes;4;1;12.7;10.7;;6/18/2020;2/3/2021;;;Florencia;;
5974;5;-17.34;15;yes;4;1;12.7;10.4;;6/18/2020;2/3/2021;;;Florencia;;
5974;6;-17.49;14.99;yes;4;1;12.7;10;;6/18/2020;2/3/2021;;;Florencia;;
5974;7;-17.51;14.32;yes;4;1;12.7;9.7;;6/18/2020;2/3/2021;;;Florencia;;
5974;8;-17.5;14.11;yes;4;1;12.7;9.4;;6/18/2020;2/3/2021;;;Florencia;;
5974;9;-17.56;13.83;yes;4;1;12.7;9.1;;6/18/2020;2/3/2021;;;Florencia;;
5974;10;-17.62;13.55;yes;4;1;12.7;8.7;;6/18/2020;2/3/2021;;;Florencia;;
5974;11;-17.64;13.51;yes;4;1;12.7;8.4;;6/18/2020;2/3/2021;;;Florencia;;
5974;12;-17.69;13.42;yes;4;1;12.7;8.1;;6/18/2020;2/3/2021;;;Florencia;;
5974;13;-17.59;13.35;yes;4;1;12.7;7.7;;6/18/2020;2/3/2021;;;Florencia;;
5974;14;-17.52;13.36;yes;4;1;12.7;7.4;;6/18/2020;2/3/2021;;;Florencia;;
5974;15;-17.61;13.66;yes;4;1;12.7;7.1;;6/18/2020;2/3/2021;;;Florencia;;
5974;16;-17.59;13.3;yes;4;1;12.7;6.8;;6/18/2020;2/3/2021;;;Florencia;;
5974;17;-17.61;13.39;yes;4;1;12.7;6.5;;6/18/2020;2/3/2021;;;Florencia;;
5974;18;-17.6;13.4;yes;4;1;12.7;6.2;;6/18/2020;2/3/2021;;;Florencia;;
5974;19;-17.55;13.43;yes;4;1;12.7;5.8;;6/18/2020;2/3/2021;;;Florencia;;
5974;20;-17.49;13.42;yes;4;1;12.7;5.5;;6/18/2020;2/3/2021;;;Florencia;;
5974;21;-17.4;13.51;yes;4;1;12.7;5.2;;6/18/2020;2/3/2021;;;Florencia;;
5974;22;-17.4;13.62;yes;4;1;12.7;4.8;;6/18/2020;2/3/2021;;;Florencia;;
5974;23;-17.34;13.65;yes;4;1;12.7;4.4;;6/18/2020;2/3/2021;;;Florencia;;
5974;24;-17.36;13.62;yes;4;1;12.7;4;;6/18/2020;2/3/2021;;;Florencia;;
5974;25;-17.37;13.69;yes;4;1;12.7;3.6;;6/18/2020;2/3/2021;;;Florencia;;
5974;26;-17.37;13.63;yes;4;1;12.7;3.2;;6/18/2020;2/3/2021;;;Florencia;;
5974;27;-17.43;13.81;yes;4;1;12.7;2.9;;6/18/2020;2/3/2021;;;Florencia;;
5974;28;-17.47;13.82;yes;4;1;12.7;2.6;;6/18/2020;2/3/2021;;;Florencia;;
5974;29;-17.48;13.36;yes;4;1;12.7;2.2;;6/18/2020;2/3/2021;;;Florencia;;
5974;30;-17.67;14.06;yes;4;1;12.7;1.8;;6/18/2020;2/3/2021;;;Florencia;;
5974;31;-17.76;14.52;yes;4;1;12.7;1.4;;6/18/2020;2/3/2021;;;Florencia;;
5974;32;-17.84;15.44;yes;4;1;12.7;0.9;;6/18/2020;2/3/2021;;;Florencia;;
A278;1;-16.07;16.13;yes;4;2;11.6;10.3;;5/31/2020;2/2/2021;;;Florencia;;
A278;2;-16.21;15.94;yes;4;2;11.6;10;;5/31/2020;2/2/2021;;;Florencia;;
A278;3;-16.43;15.93;yes;4;2;11.6;9.7;;5/31/2020;2/2/2021;;;Florencia;;
A278;4;-16.73;15.96;yes;4;2;11.6;9.4;;5/31/2020;2/2/2021;;;Florencia;;
A278;5;-16.94;15.87;yes;4;2;11.6;9.1;;5/31/2020;2/2/2021;;;Florencia;;
A278;6;-17.08;15.96;yes;4;2;11.6;8.8;;5/31/2020;2/2/2021;;;Florencia;;
A278;7;-17.09;16.18;yes;4;2;11.6;8.5;;5/31/2020;2/2/2021;;;Florencia;;
A278;8;-17.06;16.3;yes;4;2;11.6;8.2;;5/31/2020;2/2/2021;;;Florencia;;
A278;9;-17.04;16.49;yes;4;2;11.6;7.9;;5/31/2020;2/2/2021;;;Florencia;;
A278;10;-16.94;16.76;yes;4;2;11.6;7.5;;5/31/2020;2/2/2021;;;Florencia;;
A278;11;-16.83;16.8;yes;4;2;11.6;7.2;;5/31/2020;2/2/2021;;;Florencia;;
A278;12;-16.87;16.92;yes;4;2;11.6;6.9;;5/31/2020;2/2/2021;;;Florencia;;
A278;13;-16.78;16.95;yes;4;2;11.6;6.6;;5/31/2020;2/2/2021;;;Florencia;;
A278;14;-16.77;17.11;yes;4;2;11.6;6.3;;5/31/2020;2/2/2021;;;Florencia;;
A278;15;-16.84;17.13;yes;4;2;11.6;6;;5/31/2020;2/2/2021;;;Florencia;;
A278;16;-16.82;17.07;yes;4;2;11.6;5.6;;5/31/2020;2/2/2021;;;Florencia;;
A278;17;-16.88;17.05;yes;4;2;11.6;5.3;;5/31/2020;2/2/2021;;;Florencia;;
A278;18;-16.88;16.95;yes;4;2;11.6;5;;5/31/2020;2/2/2021;;;Florencia;;
A278;19;-16.9;17.01;yes;4;2;11.6;4.7;;5/31/2020;2/2/2021;;;Florencia;;
A278;20;-16.97;16.83;yes;4;2;11.6;4.3;;5/31/2020;2/2/2021;;;Florencia;;
A278;21;-16.98;16.79;yes;4;2;11.6;4;;5/31/2020;2/2/2021;;;Florencia;;
A278;22;-16.94;16.83;yes;4;2;11.6;3.6;;5/31/2020;2/2/2021;;;Florencia;;
A278;23;-16.96;16.77;yes;4;2;11.6;3.2;;5/31/2020;2/2/2021;;;Florencia;;
A278;24;-17.17;16.86;yes;4;2;11.6;2.7;;5/31/2020;2/2/2021;;;Florencia;;
A278;25;-17.07;16.74;yes;4;2;11.6;2.3;;5/31/2020;2/2/2021;;;Florencia;;
A278;26;-17.1;16.78;yes;4;2;11.6;1.9;;5/31/2020;2/2/2021;;;Florencia;;
A278;27;-17.17;16.58;yes;4;2;11.6;1.4;;5/31/2020;2/2/2021;;;Florencia;;
A278;28;-17.35;16.74;yes;4;2;11.6;1;;5/31/2020;2/2/2021;;;Florencia;;
PM695;1;-16.93;16.58;no;6;1;17.6;16.1;;6/12/2018;2/24/2019;;;Florencia;;
PM695;2;-17.04;16.58;no;6;1;17.6;15.9;;6/12/2018;2/24/2019;;;Florencia;;
PM695;3;-16.75;16.8;no;6;1;17.6;15.6;;6/12/2018;2/24/2019;;;Florencia;;
PM695;4;-16.93;16.85;no;6;1;17.6;15.3;;6/12/2018;2/24/2019;;;Florencia;;
PM695;5;-16.84;16.75;no;6;1;17.6;15.1;;6/12/2018;2/24/2019;;;Florencia;;
PM695;6;-16.91;16.67;no;6;1;17.6;14.8;;6/12/2018;2/24/2019;;;Florencia;;
PM695;7;-16.88;16.71;no;6;1;17.6;14.5;;6/12/2018;2/24/2019;;;Florencia;;
PM695;8;-16.92;16.58;no;6;1;17.6;14.1;;6/12/2018;2/24/2019;;;Florencia;;
PM695;9;-16.98;16.56;no;6;1;17.6;13.9;;6/12/2018;2/24/2019;;;Florencia;;
PM695;10;-16.91;16.47;no;6;1;17.6;13.6;;6/12/2018;2/24/2019;;;Florencia;;
PM695;11;-17.04;16.42;no;6;1;17.6;13.2;;6/12/2018;2/24/2019;;;Florencia;;
PM695;12;-16.97;16.26;no;6;1;17.6;12.9;;6/12/2018;2/24/2019;;;Florencia;;
PM695;13;-17.05;16.05;no;6;1;17.6;12.6;;6/12/2018;2/24/2019;;;Florencia;;
PM695;14;-17.15;15.81;no;6;1;17.6;12.3;;6/12/2018;2/24/2019;;;Florencia;;
PM695;15;-17.1;15.41;no;6;1;17.6;12;;6/12/2018;2/24/2019;;;Florencia;;
PM695;16;-17.15;15.18;no;6;1;17.6;11.7;;6/12/2018;2/24/2019;;;Florencia;;
PM695;17;-17.14;14.92;no;6;1;17.6;11.4;;6/12/2018;2/24/2019;;;Florencia;;
PM695;18;-17.24;14.83;no;6;1;17.6;11.1;;6/12/2018;2/24/2019;;;Florencia;;
PM695;19;-17.22;14.52;no;6;1;17.6;10.7;;6/12/2018;2/24/2019;;;Florencia;;
PM695;20;-17.31;14.46;no;6;1;17.6;10.4;;6/12/2018;2/24/2019;;;Florencia;;
PM695;21;-17.26;14.36;no;6;1;17.6;10;;6/12/2018;2/24/2019;;;Florencia;;
PM695;22;-17.26;14.43;no;6;1;17.6;9.7;;6/12/2018;2/24/2019;;;Florencia;;
PM695;23;-17.24;14.29;no;6;1;17.6;9.4;;6/12/2018;2/24/2019;;;Florencia;;
PM695;24;-17.25;14.27;no;6;1;17.6;9.1;;6/12/2018;2/24/2019;;;Florencia;;
PM695;25;-17.33;14.38;no;6;1;17.6;8.8;;6/12/2018;2/24/2019;;;Florencia;;
PM695;26;-17.4;14.34;no;6;1;17.6;8.5;;6/12/2018;2/24/2019;;;Florencia;;
PM695;27;-17.42;14.37;no;6;1;17.6;8.2;;6/12/2018;2/24/2019;;;Florencia;;
PM695;28;-17.44;14.53;no;6;1;17.6;7.8;;6/12/2018;2/24/2019;;;Florencia;;
PM695;29;-17.44;14.64;no;6;1;17.6;7.5;;6/12/2018;2/24/2019;;;Florencia;;
PM695;30;-17.38;14.93;no;6;1;17.6;7.2;;6/12/2018;2/24/2019;;;Florencia;;
PM695;31;-17.34;15.2;no;6;1;17.6;6.9;;6/12/2018;2/24/2019;;;Florencia;;
PM695;32;-17.26;15.46;no;6;1;17.6;6.5;;6/12/2018;2/24/2019;;;Florencia;;
PM695;33;-17.09;16.04;no;6;1;17.6;6.2;;6/12/2018;2/24/2019;;;Florencia;;
PM695;34;-16.95;16.35;no;6;1;17.6;5.9;;6/12/2018;2/24/2019;;;Florencia;;
PM695;35;-16.95;16.82;no;6;1;17.6;5.5;;6/12/2018;2/24/2019;;;Florencia;;
PM695;36;-16.8;17.27;no;6;1;17.6;5.2;;6/12/2018;2/24/2019;;;Florencia;;
PM695;37;-16.71;17.67;no;6;1;17.6;4.9;;6/12/2018;2/24/2019;;;Florencia;;
PM695;38;-16.67;17.67;no;6;1;17.6;4.5;;6/12/2018;2/24/2019;;;Florencia;;
PM695;39;-16.7;17.31;no;6;1;17.6;4.1;;6/12/2018;2/24/2019;;;Florencia;;
PM695;40;-16.72;16.86;no;6;1;17.6;3.7;;6/12/2018;2/24/2019;;;Florencia;;
PM695;41;-17.14;16.98;no;6;1;17.6;3.4;;6/12/2018;2/24/2019;;;Florencia;;
PM695;42;-17.33;16.84;no;6;1;17.6;3.1;;6/12/2018;2/24/2019;;;Florencia;;
PM695;43;-17.42;16.74;no;6;1;17.6;2.6;;6/12/2018;2/24/2019;;;Florencia;;
PM695;44;-17.36;16.49;no;6;1;17.6;2.2;;6/12/2018;2/24/2019;;;Florencia;;
PM695;45;-17.32;16.21;no;6;1;17.6;1.8;;6/12/2018;2/24/2019;;;Florencia;;
PM695;46;-17.26;16.26;no;6;1;17.6;1.2;;6/12/2018;2/24/2019;;;Florencia;;
6564;1;-17.27;15.67;no;4;1;14.5;13;;5/2/2018;1/31/2019;;;Florencia;;
6564;2;-17.47;15.45;no;4;1;14.5;12.7;;5/2/2018;1/31/2019;;;Florencia;;
6564;3;-17.57;15.04;no;4;1;14.5;12.4;;5/2/2018;1/31/2019;;;Florencia;;
6564;4;-17.73;14.84;no;4;1;14.5;12.1;;5/2/2018;1/31/2019;;;Florencia;;
6564;5;-17.75;14.59;no;4;1;14.5;11.8;;5/2/2018;1/31/2019;;;Florencia;;
6564;6;-17.82;14.52;no;4;1;14.5;11.5;;5/2/2018;1/31/2019;;;Florencia;;
6564;7;-17.87;14.55;no;4;1;14.5;11.2;;5/2/2018;1/31/2019;;;Florencia;;
6564;8;-17.77;14.76;no;4;1;14.5;10.9;;5/2/2018;1/31/2019;;;Florencia;;
6564;9;-17.81;14.54;no;4;1;14.5;10.6;;5/2/2018;1/31/2019;;;Florencia;;
6564;10;-17.79;14.75;no;4;1;14.5;10.3;;5/2/2018;1/31/2019;;;Florencia;;
6564;11;-17.84;14.66;no;4;1;14.5;10;;5/2/2018;1/31/2019;;;Florencia;;
6564;12;-17.81;14.56;no;4;1;14.5;9.6;;5/2/2018;1/31/2019;;;Florencia;;
6564;13;-17.82;14.44;no;4;1;14.5;9.3;;5/2/2018;1/31/2019;;;Florencia;;
6564;14;-17.82;14.41;no;4;1;14.5;9;;5/2/2018;1/31/2019;;;Florencia;;
6564;15;-17.88;14.48;no;4;1;14.5;8.6;;5/2/2018;1/31/2019;;;Florencia;;
6564;16;-17.82;14.78;no;4;1;14.5;8.3;;5/2/2018;1/31/2019;;;Florencia;;
6564;17;-17.84;14.5;no;4;1;14.5;7.9;;5/2/2018;1/31/2019;;;Florencia;;
6564;18;-17.77;14.69;no;4;1;14.5;7.6;;5/2/2018;1/31/2019;;;Florencia;;
6564;19;-17.71;14.77;no;4;1;14.5;7.3;;5/2/2018;1/31/2019;;;Florencia;;
6564;20;-17.63;15.09;no;4;1;14.5;7;;5/2/2018;1/31/2019;;;Florencia;;
6564;21;-17.46;15.6;no;4;1;14.5;6.7;;5/2/2018;1/31/2019;;;Florencia;;
6564;22;-17.16;16.37;no;4;1;14.5;6.4;;5/2/2018;1/31/2019;;;Florencia;;
6564;23;-17.03;16.31;no;4;1;14.5;6;;5/2/2018;1/31/2019;;;Florencia;;
6564;24;-16.83;16.42;no;4;1;14.5;5.7;;5/2/2018;1/31/2019;;;Florencia;;
6564;25;-17.13;16.49;no;4;1;14.5;5.4;;5/2/2018;1/31/2019;;;Florencia;;
6564;26;-17.25;16.57;no;4;1;14.5;5;;5/2/2018;1/31/2019;;;Florencia;;
6564;27;-17.36;16.35;no;4;1;14.5;4.7;;5/2/2018;1/31/2019;;;Florencia;;
6564;28;-17.43;16.06;no;4;1;14.5;4.3;;5/2/2018;1/31/2019;;;Florencia;;
6564;29;-17.43;15.9;no;4;1;14.5;4;;5/2/2018;1/31/2019;;;Florencia;;
6564;30;-17.38;15.72;no;4;1;14.5;3.6;;5/2/2018;1/31/2019;;;Florencia;;
6564;31;-17.4;15.63;no;4;1;14.5;3.2;;5/2/2018;1/31/2019;;;Florencia;;
6564;32;-17.42;15.48;no;4;1;14.5;2.7;;5/2/2018;1/31/2019;;;Florencia;;
6564;33;-17.29;15.42;no;4;1;14.5;2.3;;5/2/2018;1/31/2019;;;Florencia;;
6564;34;-17.39;15.44;no;4;1;14.5;1.7;;5/2/2018;1/31/2019;;;Florencia;;
6564;35;-17.46;16.2;no;4;1;14.5;1;;5/2/2018;1/31/2019;;;Florencia;;
7019;1;-17.48;15.78;no;4;1;14;13;;6/4/2018;1/31/2019;;;Florencia;;
7019;2;-17.45;15.32;no;4;1;14;12.7;;6/4/2018;1/31/2019;;;Florencia;;
7019;3;-17.51;15.17;no;4;1;14;12.4;;6/4/2018;1/31/2019;;;Florencia;;
7019;4;-17.42;15.25;no;4;1;14;12.1;;6/4/2018;1/31/2019;;;Florencia;;
7019;5;-17.37;14.8;no;4;1;14;11.8;;6/4/2018;1/31/2019;;;Florencia;;
7019;6;-17.37;14.85;no;4;1;14;11.5;;6/4/2018;1/31/2019;;;Florencia;;
7019;7;-17.37;14.68;no;4;1;14;11.1;;6/4/2018;1/31/2019;;;Florencia;;
7019;8;-17.37;14.48;no;4;1;14;10.8;;6/4/2018;1/31/2019;;;Florencia;;
7019;9;-17.32;14.14;no;4;1;14;10.5;;6/4/2018;1/31/2019;;;Florencia;;
7019;10;-17.44;14.04;no;4;1;14;10.2;;6/4/2018;1/31/2019;;;Florencia;;
7019;11;-17.43;13.81;no;4;1;14;9.9;;6/4/2018;1/31/2019;;;Florencia;;
7019;12;-17.47;13.61;no;4;1;14;9.5;;6/4/2018;1/31/2019;;;Florencia;;
7019;13;-17.45;13.42;no;4;1;14;9.2;;6/4/2018;1/31/2019;;;Florencia;;
7019;14;-17.45;13.49;no;4;1;14;8.8;;6/4/2018;1/31/2019;;;Florencia;;
7019;15;-17.44;13.45;no;4;1;14;8.5;;6/4/2018;1/31/2019;;;Florencia;;
7019;16;-17.41;13.62;no;4;1;14;8.2;;6/4/2018;1/31/2019;;;Florencia;;
7019;17;-17.31;13.73;no;4;1;14;7.8;;6/4/2018;1/31/2019;;;Florencia;;
7019;18;-17.31;13.98;no;4;1;14;7.5;;6/4/2018;1/31/2019;;;Florencia;;
7019;19;-17.42;14.27;no;4;1;14;7.2;;6/4/2018;1/31/2019;;;Florencia;;
7019;20;-17.38;14.46;no;4;1;14;6.9;;6/4/2018;1/31/2019;;;Florencia;;
7019;21;-17.4;14.66;no;4;1;14;6.6;;6/4/2018;1/31/2019;;;Florencia;;
7019;22;-17.46;15.02;no;4;1;14;6.2;;6/4/2018;1/31/2019;;;Florencia;;
7019;23;-17.25;15.67;no;4;1;14;5.8;;6/4/2018;1/31/2019;;;Florencia;;
7019;24;-17.04;16.44;no;4;1;14;5.5;;6/4/2018;1/31/2019;;;Florencia;;
7019;25;-16.93;16.9;no;4;1;14;5.2;;6/4/2018;1/31/2019;;;Florencia;;
7019;26;-16.7;17.22;no;4;1;14;4.8;;6/4/2018;1/31/2019;;;Florencia;;
7019;27;-16.71;17.11;no;4;1;14;4.4;;6/4/2018;1/31/2019;;;Florencia;;
7019;28;-16.89;16.85;no;4;1;14;4.1;;6/4/2018;1/31/2019;;;Florencia;;
7019;29;-17.27;16.69;no;4;1;14;3.7;;6/4/2018;1/31/2019;;;Florencia;;
7019;30;-17.41;16.5;no;4;1;14;3.2;;6/4/2018;1/31/2019;;;Florencia;;
7019;31;-17.49;16.04;no;4;1;14;2.9;;6/4/2018;1/31/2019;;;Florencia;;
7019;32;-17.45;16.07;no;4;1;14;2.5;;6/4/2018;1/31/2019;;;Florencia;;
7019;33;-17.37;15.92;no;4;1;14;2;;6/4/2018;1/31/2019;;;Florencia;;
7019;34;-17.29;15.82;no;4;1;14;1.6;;6/4/2018;1/31/2019;;;Florencia;;
7019;35;-17.26;15.81;no;4;1;14;1.1;;6/4/2018;1/31/2019;;;Florencia;;
